cycle,branch,model,modeldate,candidate_inc,candidate_chal,candidate_3rd,evprob_inc,evprob_chal,evprob_3rd,total_ev,timestamp,simulations
2020,President,polls-plus,11/2/2020,Trump,Biden,"",.001425,0,,99,16:46:04  2 Nov 2020,40000
2020,President,polls-plus,11/2/2020,Trump,Biden,"",.0013,0,,98,16:46:04  2 Nov 2020,40000
2020,President,polls-plus,11/2/2020,Trump,Biden,"",.00195,0,,97,16:46:04  2 Nov 2020,40000
2020,President,polls-plus,11/2/2020,Trump,Biden,"",.00075,0,,96,16:46:04  2 Nov 2020,40000
2020,President,polls-plus,11/2/2020,Trump,Biden,"",.00115,0,,95,16:46:04  2 Nov 2020,40000
2020,President,polls-plus,11/2/2020,Trump,Biden,"",.001225,0,,94,16:46:04  2 Nov 2020,40000
2020,President,polls-plus,11/2/2020,Trump,Biden,"",.000925,0,,93,16:46:04  2 Nov 2020,40000
2020,President,polls-plus,11/2/2020,Trump,Biden,"",.001575,0,,92,16:46:04  2 Nov 2020,40000
2020,President,polls-plus,11/2/2020,Trump,Biden,"",.00075,0,,91,16:46:04  2 Nov 2020,40000
2020,President,polls-plus,11/2/2020,Trump,Biden,"",.000675,0,,90,16:46:04  2 Nov 2020,40000
2020,President,polls-plus,11/2/2020,Trump,Biden,"",.00005,0,,9,16:46:04  2 Nov 2020,40000
2020,President,polls-plus,11/2/2020,Trump,Biden,"",.0016,0,,89,16:46:04  2 Nov 2020,40000
2020,President,polls-plus,11/2/2020,Trump,Biden,"",.001175,0,,88,16:46:04  2 Nov 2020,40000
2020,President,polls-plus,11/2/2020,Trump,Biden,"",.000875,0,,87,16:46:04  2 Nov 2020,40000
2020,President,polls-plus,11/2/2020,Trump,Biden,"",.001425,0,,86,16:46:04  2 Nov 2020,40000
2020,President,polls-plus,11/2/2020,Trump,Biden,"",.00105,0,,85,16:46:04  2 Nov 2020,40000
2020,President,polls-plus,11/2/2020,Trump,Biden,"",.0005,0,,84,16:46:04  2 Nov 2020,40000
2020,President,polls-plus,11/2/2020,Trump,Biden,"",.001475,0,,83,16:46:04  2 Nov 2020,40000
2020,President,polls-plus,11/2/2020,Trump,Biden,"",.001,0,,82,16:46:04  2 Nov 2020,40000
2020,President,polls-plus,11/2/2020,Trump,Biden,"",.00055,0,,81,16:46:04  2 Nov 2020,40000
2020,President,polls-plus,11/2/2020,Trump,Biden,"",.000725,0,,80,16:46:04  2 Nov 2020,40000
2020,President,polls-plus,11/2/2020,Trump,Biden,"",.00005,0,,8,16:46:04  2 Nov 2020,40000
2020,President,polls-plus,11/2/2020,Trump,Biden,"",.0006,0,,79,16:46:04  2 Nov 2020,40000
2020,President,polls-plus,11/2/2020,Trump,Biden,"",.0007,0,,78,16:46:04  2 Nov 2020,40000
2020,President,polls-plus,11/2/2020,Trump,Biden,"",.0012,0,,77,16:46:04  2 Nov 2020,40000
2020,President,polls-plus,11/2/2020,Trump,Biden,"",.000975,0,,76,16:46:04  2 Nov 2020,40000
2020,President,polls-plus,11/2/2020,Trump,Biden,"",.0008,0,,75,16:46:04  2 Nov 2020,40000
2020,President,polls-plus,11/2/2020,Trump,Biden,"",.000525,0,,74,16:46:04  2 Nov 2020,40000
2020,President,polls-plus,11/2/2020,Trump,Biden,"",.0005,0,,73,16:46:04  2 Nov 2020,40000
2020,President,polls-plus,11/2/2020,Trump,Biden,"",.0005,0,,72,16:46:04  2 Nov 2020,40000
2020,President,polls-plus,11/2/2020,Trump,Biden,"",.000475,0,,71,16:46:04  2 Nov 2020,40000
2020,President,polls-plus,11/2/2020,Trump,Biden,"",.000425,0,,70,16:46:04  2 Nov 2020,40000
2020,President,polls-plus,11/2/2020,Trump,Biden,"",.000025,0,,7,16:46:04  2 Nov 2020,40000
2020,President,polls-plus,11/2/2020,Trump,Biden,"",.000475,0,,69,16:46:04  2 Nov 2020,40000
2020,President,polls-plus,11/2/2020,Trump,Biden,"",.00065,0,,68,16:46:04  2 Nov 2020,40000
2020,President,polls-plus,11/2/2020,Trump,Biden,"",.00045,0,,67,16:46:04  2 Nov 2020,40000
2020,President,polls-plus,11/2/2020,Trump,Biden,"",.00035,0,,66,16:46:04  2 Nov 2020,40000
2020,President,polls-plus,11/2/2020,Trump,Biden,"",.000275,0,,65,16:46:04  2 Nov 2020,40000
2020,President,polls-plus,11/2/2020,Trump,Biden,"",.00035,0,,64,16:46:04  2 Nov 2020,40000
2020,President,polls-plus,11/2/2020,Trump,Biden,"",.00065,0,,63,16:46:04  2 Nov 2020,40000
2020,President,polls-plus,11/2/2020,Trump,Biden,"",.00025,0,,62,16:46:04  2 Nov 2020,40000
2020,President,polls-plus,11/2/2020,Trump,Biden,"",.000325,0,,61,16:46:04  2 Nov 2020,40000
2020,President,polls-plus,11/2/2020,Trump,Biden,"",.0004,0,,60,16:46:04  2 Nov 2020,40000
2020,President,polls-plus,11/2/2020,Trump,Biden,"",.0001,0,,6,16:46:04  2 Nov 2020,40000
2020,President,polls-plus,11/2/2020,Trump,Biden,"",.000275,0,,59,16:46:04  2 Nov 2020,40000
2020,President,polls-plus,11/2/2020,Trump,Biden,"",.0005,0,,58,16:46:04  2 Nov 2020,40000
2020,President,polls-plus,11/2/2020,Trump,Biden,"",.00045,0,,57,16:46:04  2 Nov 2020,40000
2020,President,polls-plus,11/2/2020,Trump,Biden,"",.0005,0,,56,16:46:04  2 Nov 2020,40000
2020,President,polls-plus,11/2/2020,Trump,Biden,"",.000425,0,,55,16:46:04  2 Nov 2020,40000
2020,President,polls-plus,11/2/2020,Trump,Biden,"",.0002,0,,54,16:46:04  2 Nov 2020,40000
2020,President,polls-plus,11/2/2020,Trump,Biden,"",0,0,,538,16:46:04  2 Nov 2020,40000
2020,President,polls-plus,11/2/2020,Trump,Biden,"",0,.00015,,537,16:46:04  2 Nov 2020,40000
2020,President,polls-plus,11/2/2020,Trump,Biden,"",0,0,,536,16:46:04  2 Nov 2020,40000
2020,President,polls-plus,11/2/2020,Trump,Biden,"",0,.000025,,535,16:46:04  2 Nov 2020,40000
2020,President,polls-plus,11/2/2020,Trump,Biden,"",0,.000275,,534,16:46:04  2 Nov 2020,40000
2020,President,polls-plus,11/2/2020,Trump,Biden,"",0,.0001,,533,16:46:04  2 Nov 2020,40000
2020,President,polls-plus,11/2/2020,Trump,Biden,"",0,.0001,,532,16:46:04  2 Nov 2020,40000
2020,President,polls-plus,11/2/2020,Trump,Biden,"",0,.000025,,531,16:46:04  2 Nov 2020,40000
2020,President,polls-plus,11/2/2020,Trump,Biden,"",0,.00005,,530,16:46:04  2 Nov 2020,40000
2020,President,polls-plus,11/2/2020,Trump,Biden,"",.000175,0,,53,16:46:04  2 Nov 2020,40000
2020,President,polls-plus,11/2/2020,Trump,Biden,"",0,.00005,,529,16:46:04  2 Nov 2020,40000
2020,President,polls-plus,11/2/2020,Trump,Biden,"",0,.00015,,528,16:46:04  2 Nov 2020,40000
2020,President,polls-plus,11/2/2020,Trump,Biden,"",0,.000175,,527,16:46:04  2 Nov 2020,40000
2020,President,polls-plus,11/2/2020,Trump,Biden,"",0,.000025,,526,16:46:04  2 Nov 2020,40000
2020,President,polls-plus,11/2/2020,Trump,Biden,"",0,.000075,,525,16:46:04  2 Nov 2020,40000
2020,President,polls-plus,11/2/2020,Trump,Biden,"",0,.00005,,524,16:46:04  2 Nov 2020,40000
2020,President,polls-plus,11/2/2020,Trump,Biden,"",0,.000075,,523,16:46:04  2 Nov 2020,40000
2020,President,polls-plus,11/2/2020,Trump,Biden,"",0,.00015,,522,16:46:04  2 Nov 2020,40000
2020,President,polls-plus,11/2/2020,Trump,Biden,"",0,.000025,,521,16:46:04  2 Nov 2020,40000
2020,President,polls-plus,11/2/2020,Trump,Biden,"",0,.0002,,520,16:46:04  2 Nov 2020,40000
2020,President,polls-plus,11/2/2020,Trump,Biden,"",.000325,0,,52,16:46:04  2 Nov 2020,40000
2020,President,polls-plus,11/2/2020,Trump,Biden,"",0,.0001,,519,16:46:04  2 Nov 2020,40000
2020,President,polls-plus,11/2/2020,Trump,Biden,"",0,.000075,,518,16:46:04  2 Nov 2020,40000
2020,President,polls-plus,11/2/2020,Trump,Biden,"",0,.000075,,517,16:46:04  2 Nov 2020,40000
2020,President,polls-plus,11/2/2020,Trump,Biden,"",0,.000275,,516,16:46:04  2 Nov 2020,40000
2020,President,polls-plus,11/2/2020,Trump,Biden,"",0,.000075,,515,16:46:04  2 Nov 2020,40000
2020,President,polls-plus,11/2/2020,Trump,Biden,"",0,.00005,,514,16:46:04  2 Nov 2020,40000
2020,President,polls-plus,11/2/2020,Trump,Biden,"",0,.00005,,513,16:46:04  2 Nov 2020,40000
2020,President,polls-plus,11/2/2020,Trump,Biden,"",0,.000225,,512,16:46:04  2 Nov 2020,40000
2020,President,polls-plus,11/2/2020,Trump,Biden,"",0,.00005,,511,16:46:04  2 Nov 2020,40000
2020,President,polls-plus,11/2/2020,Trump,Biden,"",0,.0001,,510,16:46:04  2 Nov 2020,40000
2020,President,polls-plus,11/2/2020,Trump,Biden,"",.000325,0,,51,16:46:04  2 Nov 2020,40000
2020,President,polls-plus,11/2/2020,Trump,Biden,"",0,.000125,,509,16:46:04  2 Nov 2020,40000
2020,President,polls-plus,11/2/2020,Trump,Biden,"",0,.000025,,508,16:46:04  2 Nov 2020,40000
2020,President,polls-plus,11/2/2020,Trump,Biden,"",0,.0001,,507,16:46:04  2 Nov 2020,40000
2020,President,polls-plus,11/2/2020,Trump,Biden,"",0,.000225,,506,16:46:04  2 Nov 2020,40000
2020,President,polls-plus,11/2/2020,Trump,Biden,"",0,.00015,,505,16:46:04  2 Nov 2020,40000
2020,President,polls-plus,11/2/2020,Trump,Biden,"",0,.00005,,504,16:46:04  2 Nov 2020,40000
2020,President,polls-plus,11/2/2020,Trump,Biden,"",0,.0001,,503,16:46:04  2 Nov 2020,40000
2020,President,polls-plus,11/2/2020,Trump,Biden,"",0,.000125,,502,16:46:04  2 Nov 2020,40000
2020,President,polls-plus,11/2/2020,Trump,Biden,"",0,.00025,,501,16:46:04  2 Nov 2020,40000
2020,President,polls-plus,11/2/2020,Trump,Biden,"",0,.000075,,500,16:46:04  2 Nov 2020,40000
2020,President,polls-plus,11/2/2020,Trump,Biden,"",.000125,0,,50,16:46:04  2 Nov 2020,40000
2020,President,polls-plus,11/2/2020,Trump,Biden,"",.0001,0,,5,16:46:04  2 Nov 2020,40000
2020,President,polls-plus,11/2/2020,Trump,Biden,"",0,.000075,,499,16:46:04  2 Nov 2020,40000
2020,President,polls-plus,11/2/2020,Trump,Biden,"",0,.0002,,498,16:46:04  2 Nov 2020,40000
2020,President,polls-plus,11/2/2020,Trump,Biden,"",0,.0001,,497,16:46:04  2 Nov 2020,40000
2020,President,polls-plus,11/2/2020,Trump,Biden,"",0,.000175,,496,16:46:04  2 Nov 2020,40000
2020,President,polls-plus,11/2/2020,Trump,Biden,"",0,.0002,,495,16:46:04  2 Nov 2020,40000
2020,President,polls-plus,11/2/2020,Trump,Biden,"",0,.0001,,494,16:46:04  2 Nov 2020,40000
2020,President,polls-plus,11/2/2020,Trump,Biden,"",0,.00015,,493,16:46:04  2 Nov 2020,40000
2020,President,polls-plus,11/2/2020,Trump,Biden,"",0,.0001,,492,16:46:04  2 Nov 2020,40000
2020,President,polls-plus,11/2/2020,Trump,Biden,"",0,.000175,,491,16:46:04  2 Nov 2020,40000
2020,President,polls-plus,11/2/2020,Trump,Biden,"",0,.000325,,490,16:46:04  2 Nov 2020,40000
2020,President,polls-plus,11/2/2020,Trump,Biden,"",.0002,0,,49,16:46:04  2 Nov 2020,40000
2020,President,polls-plus,11/2/2020,Trump,Biden,"",0,.0002,,489,16:46:04  2 Nov 2020,40000
2020,President,polls-plus,11/2/2020,Trump,Biden,"",0,.000125,,488,16:46:04  2 Nov 2020,40000
2020,President,polls-plus,11/2/2020,Trump,Biden,"",0,.000325,,487,16:46:04  2 Nov 2020,40000
2020,President,polls-plus,11/2/2020,Trump,Biden,"",0,.000325,,486,16:46:04  2 Nov 2020,40000
2020,President,polls-plus,11/2/2020,Trump,Biden,"",0,.000175,,485,16:46:04  2 Nov 2020,40000
2020,President,polls-plus,11/2/2020,Trump,Biden,"",0,.0002,,484,16:46:04  2 Nov 2020,40000
2020,President,polls-plus,11/2/2020,Trump,Biden,"",0,.000425,,483,16:46:04  2 Nov 2020,40000
2020,President,polls-plus,11/2/2020,Trump,Biden,"",0,.0005,,482,16:46:04  2 Nov 2020,40000
2020,President,polls-plus,11/2/2020,Trump,Biden,"",0,.00045,,481,16:46:04  2 Nov 2020,40000
2020,President,polls-plus,11/2/2020,Trump,Biden,"",0,.0005,,480,16:46:04  2 Nov 2020,40000
2020,President,polls-plus,11/2/2020,Trump,Biden,"",.000325,0,,48,16:46:04  2 Nov 2020,40000
2020,President,polls-plus,11/2/2020,Trump,Biden,"",0,.000275,,479,16:46:04  2 Nov 2020,40000
2020,President,polls-plus,11/2/2020,Trump,Biden,"",0,.0004,,478,16:46:04  2 Nov 2020,40000
2020,President,polls-plus,11/2/2020,Trump,Biden,"",0,.000325,,477,16:46:04  2 Nov 2020,40000
2020,President,polls-plus,11/2/2020,Trump,Biden,"",0,.00025,,476,16:46:04  2 Nov 2020,40000
2020,President,polls-plus,11/2/2020,Trump,Biden,"",0,.00065,,475,16:46:04  2 Nov 2020,40000
2020,President,polls-plus,11/2/2020,Trump,Biden,"",0,.00035,,474,16:46:04  2 Nov 2020,40000
2020,President,polls-plus,11/2/2020,Trump,Biden,"",0,.000275,,473,16:46:04  2 Nov 2020,40000
2020,President,polls-plus,11/2/2020,Trump,Biden,"",0,.00035,,472,16:46:04  2 Nov 2020,40000
2020,President,polls-plus,11/2/2020,Trump,Biden,"",0,.00045,,471,16:46:04  2 Nov 2020,40000
2020,President,polls-plus,11/2/2020,Trump,Biden,"",0,.00065,,470,16:46:04  2 Nov 2020,40000
2020,President,polls-plus,11/2/2020,Trump,Biden,"",.000175,0,,47,16:46:04  2 Nov 2020,40000
2020,President,polls-plus,11/2/2020,Trump,Biden,"",0,.000475,,469,16:46:04  2 Nov 2020,40000
2020,President,polls-plus,11/2/2020,Trump,Biden,"",0,.000425,,468,16:46:04  2 Nov 2020,40000
2020,President,polls-plus,11/2/2020,Trump,Biden,"",0,.000475,,467,16:46:04  2 Nov 2020,40000
2020,President,polls-plus,11/2/2020,Trump,Biden,"",0,.0005,,466,16:46:04  2 Nov 2020,40000
2020,President,polls-plus,11/2/2020,Trump,Biden,"",0,.0005,,465,16:46:04  2 Nov 2020,40000
2020,President,polls-plus,11/2/2020,Trump,Biden,"",0,.000525,,464,16:46:04  2 Nov 2020,40000
2020,President,polls-plus,11/2/2020,Trump,Biden,"",0,.0008,,463,16:46:04  2 Nov 2020,40000
2020,President,polls-plus,11/2/2020,Trump,Biden,"",0,.000975,,462,16:46:04  2 Nov 2020,40000
2020,President,polls-plus,11/2/2020,Trump,Biden,"",0,.0012,,461,16:46:04  2 Nov 2020,40000
2020,President,polls-plus,11/2/2020,Trump,Biden,"",0,.0007,,460,16:46:04  2 Nov 2020,40000
2020,President,polls-plus,11/2/2020,Trump,Biden,"",.0001,0,,46,16:46:04  2 Nov 2020,40000
2020,President,polls-plus,11/2/2020,Trump,Biden,"",0,.0006,,459,16:46:04  2 Nov 2020,40000
2020,President,polls-plus,11/2/2020,Trump,Biden,"",0,.000725,,458,16:46:04  2 Nov 2020,40000
2020,President,polls-plus,11/2/2020,Trump,Biden,"",0,.00055,,457,16:46:04  2 Nov 2020,40000
2020,President,polls-plus,11/2/2020,Trump,Biden,"",0,.001,,456,16:46:04  2 Nov 2020,40000
2020,President,polls-plus,11/2/2020,Trump,Biden,"",0,.001475,,455,16:46:04  2 Nov 2020,40000
2020,President,polls-plus,11/2/2020,Trump,Biden,"",0,.0005,,454,16:46:04  2 Nov 2020,40000
2020,President,polls-plus,11/2/2020,Trump,Biden,"",0,.00105,,453,16:46:04  2 Nov 2020,40000
2020,President,polls-plus,11/2/2020,Trump,Biden,"",0,.001425,,452,16:46:04  2 Nov 2020,40000
2020,President,polls-plus,11/2/2020,Trump,Biden,"",0,.000875,,451,16:46:04  2 Nov 2020,40000
2020,President,polls-plus,11/2/2020,Trump,Biden,"",0,.001175,,450,16:46:04  2 Nov 2020,40000
2020,President,polls-plus,11/2/2020,Trump,Biden,"",.00015,0,,45,16:46:04  2 Nov 2020,40000
2020,President,polls-plus,11/2/2020,Trump,Biden,"",0,.0016,,449,16:46:04  2 Nov 2020,40000
2020,President,polls-plus,11/2/2020,Trump,Biden,"",0,.000675,,448,16:46:04  2 Nov 2020,40000
2020,President,polls-plus,11/2/2020,Trump,Biden,"",0,.00075,,447,16:46:04  2 Nov 2020,40000
2020,President,polls-plus,11/2/2020,Trump,Biden,"",0,.001575,,446,16:46:04  2 Nov 2020,40000
2020,President,polls-plus,11/2/2020,Trump,Biden,"",0,.000925,,445,16:46:04  2 Nov 2020,40000
2020,President,polls-plus,11/2/2020,Trump,Biden,"",0,.001225,,444,16:46:04  2 Nov 2020,40000
2020,President,polls-plus,11/2/2020,Trump,Biden,"",0,.00115,,443,16:46:04  2 Nov 2020,40000
2020,President,polls-plus,11/2/2020,Trump,Biden,"",0,.00075,,442,16:46:04  2 Nov 2020,40000
2020,President,polls-plus,11/2/2020,Trump,Biden,"",0,.00195,,441,16:46:04  2 Nov 2020,40000
2020,President,polls-plus,11/2/2020,Trump,Biden,"",0,.0013,,440,16:46:04  2 Nov 2020,40000
2020,President,polls-plus,11/2/2020,Trump,Biden,"",.0001,0,,44,16:46:04  2 Nov 2020,40000
2020,President,polls-plus,11/2/2020,Trump,Biden,"",0,.001425,,439,16:46:04  2 Nov 2020,40000
2020,President,polls-plus,11/2/2020,Trump,Biden,"",0,.002525,,438,16:46:04  2 Nov 2020,40000
2020,President,polls-plus,11/2/2020,Trump,Biden,"",.000025,.001325,,437,16:46:04  2 Nov 2020,40000
2020,President,polls-plus,11/2/2020,Trump,Biden,"",0,.00125,,436,16:46:04  2 Nov 2020,40000
2020,President,polls-plus,11/2/2020,Trump,Biden,"",0,.002725,,435,16:46:04  2 Nov 2020,40000
2020,President,polls-plus,11/2/2020,Trump,Biden,"",0,.00235,,434,16:46:04  2 Nov 2020,40000
2020,President,polls-plus,11/2/2020,Trump,Biden,"",0,.001375,,433,16:46:04  2 Nov 2020,40000
2020,President,polls-plus,11/2/2020,Trump,Biden,"",0,.002475,,432,16:46:04  2 Nov 2020,40000
2020,President,polls-plus,11/2/2020,Trump,Biden,"",0,.003,,431,16:46:04  2 Nov 2020,40000
2020,President,polls-plus,11/2/2020,Trump,Biden,"",.00005,.002025,,430,16:46:04  2 Nov 2020,40000
2020,President,polls-plus,11/2/2020,Trump,Biden,"",.0002,0,,43,16:46:04  2 Nov 2020,40000
2020,President,polls-plus,11/2/2020,Trump,Biden,"",0,.002625,,429,16:46:04  2 Nov 2020,40000
2020,President,polls-plus,11/2/2020,Trump,Biden,"",0,.004375,,428,16:46:04  2 Nov 2020,40000
2020,President,polls-plus,11/2/2020,Trump,Biden,"",0,.002575,,427,16:46:04  2 Nov 2020,40000
2020,President,polls-plus,11/2/2020,Trump,Biden,"",0,.00315,,426,16:46:04  2 Nov 2020,40000
2020,President,polls-plus,11/2/2020,Trump,Biden,"",0,.006125,,425,16:46:04  2 Nov 2020,40000
2020,President,polls-plus,11/2/2020,Trump,Biden,"",0,.002075,,424,16:46:04  2 Nov 2020,40000
2020,President,polls-plus,11/2/2020,Trump,Biden,"",0,.00285,,423,16:46:04  2 Nov 2020,40000
2020,President,polls-plus,11/2/2020,Trump,Biden,"",0,.00655,,422,16:46:04  2 Nov 2020,40000
2020,President,polls-plus,11/2/2020,Trump,Biden,"",0,.002775,,421,16:46:04  2 Nov 2020,40000
2020,President,polls-plus,11/2/2020,Trump,Biden,"",0,.001675,,420,16:46:04  2 Nov 2020,40000
2020,President,polls-plus,11/2/2020,Trump,Biden,"",.000175,0,,42,16:46:04  2 Nov 2020,40000
2020,President,polls-plus,11/2/2020,Trump,Biden,"",0,.0125,,419,16:46:04  2 Nov 2020,40000
2020,President,polls-plus,11/2/2020,Trump,Biden,"",0,.002175,,418,16:46:04  2 Nov 2020,40000
2020,President,polls-plus,11/2/2020,Trump,Biden,"",.000025,.00235,,417,16:46:04  2 Nov 2020,40000
2020,President,polls-plus,11/2/2020,Trump,Biden,"",0,.0224,,416,16:46:04  2 Nov 2020,40000
2020,President,polls-plus,11/2/2020,Trump,Biden,"",0,.00385,,415,16:46:04  2 Nov 2020,40000
2020,President,polls-plus,11/2/2020,Trump,Biden,"",0,.00165,,414,16:46:04  2 Nov 2020,40000
2020,President,polls-plus,11/2/2020,Trump,Biden,"",0,.051875,,413,16:46:04  2 Nov 2020,40000
2020,President,polls-plus,11/2/2020,Trump,Biden,"",0,.013675,,412,16:46:04  2 Nov 2020,40000
2020,President,polls-plus,11/2/2020,Trump,Biden,"",0,.00095,,411,16:46:04  2 Nov 2020,40000
2020,President,polls-plus,11/2/2020,Trump,Biden,"",.000025,.004325,,410,16:46:04  2 Nov 2020,40000
2020,President,polls-plus,11/2/2020,Trump,Biden,"",.0001,0,,41,16:46:04  2 Nov 2020,40000
2020,President,polls-plus,11/2/2020,Trump,Biden,"",0,.002025,,409,16:46:04  2 Nov 2020,40000
2020,President,polls-plus,11/2/2020,Trump,Biden,"",0,.000875,,408,16:46:04  2 Nov 2020,40000
2020,President,polls-plus,11/2/2020,Trump,Biden,"",0,.016525,,407,16:46:04  2 Nov 2020,40000
2020,President,polls-plus,11/2/2020,Trump,Biden,"",0,.011625,,406,16:46:04  2 Nov 2020,40000
2020,President,polls-plus,11/2/2020,Trump,Biden,"",0,.0014,,405,16:46:04  2 Nov 2020,40000
2020,President,polls-plus,11/2/2020,Trump,Biden,"",.000025,.0017,,404,16:46:04  2 Nov 2020,40000
2020,President,polls-plus,11/2/2020,Trump,Biden,"",0,.00255,,403,16:46:04  2 Nov 2020,40000
2020,President,polls-plus,11/2/2020,Trump,Biden,"",0,.002325,,402,16:46:04  2 Nov 2020,40000
2020,President,polls-plus,11/2/2020,Trump,Biden,"",0,.002575,,401,16:46:04  2 Nov 2020,40000
2020,President,polls-plus,11/2/2020,Trump,Biden,"",0,.00355,,400,16:46:04  2 Nov 2020,40000
2020,President,polls-plus,11/2/2020,Trump,Biden,"",.0002,0,,40,16:46:04  2 Nov 2020,40000
2020,President,polls-plus,11/2/2020,Trump,Biden,"",.000275,0,,4,16:46:04  2 Nov 2020,40000
2020,President,polls-plus,11/2/2020,Trump,Biden,"",0,.0011,,399,16:46:04  2 Nov 2020,40000
2020,President,polls-plus,11/2/2020,Trump,Biden,"",0,.00335,,398,16:46:04  2 Nov 2020,40000
2020,President,polls-plus,11/2/2020,Trump,Biden,"",.000025,.00635,,397,16:46:04  2 Nov 2020,40000
2020,President,polls-plus,11/2/2020,Trump,Biden,"",.000025,.003275,,396,16:46:04  2 Nov 2020,40000
2020,President,polls-plus,11/2/2020,Trump,Biden,"",.00005,.006375,,395,16:46:04  2 Nov 2020,40000
2020,President,polls-plus,11/2/2020,Trump,Biden,"",0,.0077,,394,16:46:04  2 Nov 2020,40000
2020,President,polls-plus,11/2/2020,Trump,Biden,"",0,.0011,,393,16:46:04  2 Nov 2020,40000
2020,President,polls-plus,11/2/2020,Trump,Biden,"",0,.00235,,392,16:46:04  2 Nov 2020,40000
2020,President,polls-plus,11/2/2020,Trump,Biden,"",0,.005425,,391,16:46:04  2 Nov 2020,40000
2020,President,polls-plus,11/2/2020,Trump,Biden,"",.00005,.002375,,390,16:46:04  2 Nov 2020,40000
2020,President,polls-plus,11/2/2020,Trump,Biden,"",.000075,0,,39,16:46:04  2 Nov 2020,40000
2020,President,polls-plus,11/2/2020,Trump,Biden,"",0,.00815,,389,16:46:04  2 Nov 2020,40000
2020,President,polls-plus,11/2/2020,Trump,Biden,"",0,.015025,,388,16:46:04  2 Nov 2020,40000
2020,President,polls-plus,11/2/2020,Trump,Biden,"",0,.002625,,387,16:46:04  2 Nov 2020,40000
2020,President,polls-plus,11/2/2020,Trump,Biden,"",0,.0031,,386,16:46:04  2 Nov 2020,40000
2020,President,polls-plus,11/2/2020,Trump,Biden,"",0,.001675,,385,16:46:04  2 Nov 2020,40000
2020,President,polls-plus,11/2/2020,Trump,Biden,"",0,.00325,,384,16:46:04  2 Nov 2020,40000
2020,President,polls-plus,11/2/2020,Trump,Biden,"",.000025,.001775,,383,16:46:04  2 Nov 2020,40000
2020,President,polls-plus,11/2/2020,Trump,Biden,"",.00005,.0031,,382,16:46:04  2 Nov 2020,40000
2020,President,polls-plus,11/2/2020,Trump,Biden,"",.0001,.004775,,381,16:46:04  2 Nov 2020,40000
2020,President,polls-plus,11/2/2020,Trump,Biden,"",.000025,.0019,,380,16:46:04  2 Nov 2020,40000
2020,President,polls-plus,11/2/2020,Trump,Biden,"",.000075,0,,38,16:46:04  2 Nov 2020,40000
2020,President,polls-plus,11/2/2020,Trump,Biden,"",0,.003175,,379,16:46:04  2 Nov 2020,40000
2020,President,polls-plus,11/2/2020,Trump,Biden,"",.00005,.009575,,378,16:46:04  2 Nov 2020,40000
2020,President,polls-plus,11/2/2020,Trump,Biden,"",0,.00355,,377,16:46:04  2 Nov 2020,40000
2020,President,polls-plus,11/2/2020,Trump,Biden,"",0,.002375,,376,16:46:04  2 Nov 2020,40000
2020,President,polls-plus,11/2/2020,Trump,Biden,"",.000025,.02095,,375,16:46:04  2 Nov 2020,40000
2020,President,polls-plus,11/2/2020,Trump,Biden,"",.000025,.00605,,374,16:46:04  2 Nov 2020,40000
2020,President,polls-plus,11/2/2020,Trump,Biden,"",0,.006125,,373,16:46:04  2 Nov 2020,40000
2020,President,polls-plus,11/2/2020,Trump,Biden,"",0,.00575,,372,16:46:04  2 Nov 2020,40000
2020,President,polls-plus,11/2/2020,Trump,Biden,"",0,.00295,,371,16:46:04  2 Nov 2020,40000
2020,President,polls-plus,11/2/2020,Trump,Biden,"",.0001,.0014,,370,16:46:04  2 Nov 2020,40000
2020,President,polls-plus,11/2/2020,Trump,Biden,"",.00025,0,,37,16:46:04  2 Nov 2020,40000
2020,President,polls-plus,11/2/2020,Trump,Biden,"",.000025,.01375,,369,16:46:04  2 Nov 2020,40000
2020,President,polls-plus,11/2/2020,Trump,Biden,"",.000025,.0081,,368,16:46:04  2 Nov 2020,40000
2020,President,polls-plus,11/2/2020,Trump,Biden,"",.00005,.002425,,367,16:46:04  2 Nov 2020,40000
2020,President,polls-plus,11/2/2020,Trump,Biden,"",0,.001925,,366,16:46:04  2 Nov 2020,40000
2020,President,polls-plus,11/2/2020,Trump,Biden,"",.00005,.002725,,365,16:46:04  2 Nov 2020,40000
2020,President,polls-plus,11/2/2020,Trump,Biden,"",.000075,.00465,,364,16:46:04  2 Nov 2020,40000
2020,President,polls-plus,11/2/2020,Trump,Biden,"",.000175,.0029,,363,16:46:04  2 Nov 2020,40000
2020,President,polls-plus,11/2/2020,Trump,Biden,"",.000275,.00465,,362,16:46:04  2 Nov 2020,40000
2020,President,polls-plus,11/2/2020,Trump,Biden,"",.000025,.00225,,361,16:46:04  2 Nov 2020,40000
2020,President,polls-plus,11/2/2020,Trump,Biden,"",.000075,.00385,,360,16:46:04  2 Nov 2020,40000
2020,President,polls-plus,11/2/2020,Trump,Biden,"",.000125,0,,36,16:46:04  2 Nov 2020,40000
2020,President,polls-plus,11/2/2020,Trump,Biden,"",.000025,.009175,,359,16:46:04  2 Nov 2020,40000
2020,President,polls-plus,11/2/2020,Trump,Biden,"",.00015,.006675,,358,16:46:04  2 Nov 2020,40000
2020,President,polls-plus,11/2/2020,Trump,Biden,"",.0001,.00875,,357,16:46:04  2 Nov 2020,40000
2020,President,polls-plus,11/2/2020,Trump,Biden,"",.0001,.00535,,356,16:46:04  2 Nov 2020,40000
2020,President,polls-plus,11/2/2020,Trump,Biden,"",.000625,.001925,,355,16:46:04  2 Nov 2020,40000
2020,President,polls-plus,11/2/2020,Trump,Biden,"",.00005,.0028,,354,16:46:04  2 Nov 2020,40000
2020,President,polls-plus,11/2/2020,Trump,Biden,"",.00015,.008925,,353,16:46:04  2 Nov 2020,40000
2020,President,polls-plus,11/2/2020,Trump,Biden,"",.000025,.004625,,352,16:46:04  2 Nov 2020,40000
2020,President,polls-plus,11/2/2020,Trump,Biden,"",.00015,.010475,,351,16:46:04  2 Nov 2020,40000
2020,President,polls-plus,11/2/2020,Trump,Biden,"",.0008,.015475,,350,16:46:04  2 Nov 2020,40000
2020,President,polls-plus,11/2/2020,Trump,Biden,"",.0001,0,,35,16:46:04  2 Nov 2020,40000
2020,President,polls-plus,11/2/2020,Trump,Biden,"",.000125,.00435,,349,16:46:04  2 Nov 2020,40000
2020,President,polls-plus,11/2/2020,Trump,Biden,"",.00045,.003,,348,16:46:04  2 Nov 2020,40000
2020,President,polls-plus,11/2/2020,Trump,Biden,"",.0001,.00305,,347,16:46:04  2 Nov 2020,40000
2020,President,polls-plus,11/2/2020,Trump,Biden,"",.00015,.003775,,346,16:46:04  2 Nov 2020,40000
2020,President,polls-plus,11/2/2020,Trump,Biden,"",.000125,.00245,,345,16:46:04  2 Nov 2020,40000
2020,President,polls-plus,11/2/2020,Trump,Biden,"",.000275,.0054,,344,16:46:04  2 Nov 2020,40000
2020,President,polls-plus,11/2/2020,Trump,Biden,"",.000225,.0029,,343,16:46:04  2 Nov 2020,40000
2020,President,polls-plus,11/2/2020,Trump,Biden,"",.00095,.004025,,342,16:46:04  2 Nov 2020,40000
2020,President,polls-plus,11/2/2020,Trump,Biden,"",.000375,.005075,,341,16:46:04  2 Nov 2020,40000
2020,President,polls-plus,11/2/2020,Trump,Biden,"",.000275,.006125,,340,16:46:04  2 Nov 2020,40000
2020,President,polls-plus,11/2/2020,Trump,Biden,"",.00005,0,,34,16:46:04  2 Nov 2020,40000
2020,President,polls-plus,11/2/2020,Trump,Biden,"",.00035,.00705,,339,16:46:04  2 Nov 2020,40000
2020,President,polls-plus,11/2/2020,Trump,Biden,"",.000275,.0062,,338,16:46:04  2 Nov 2020,40000
2020,President,polls-plus,11/2/2020,Trump,Biden,"",.000725,.003575,,337,16:46:04  2 Nov 2020,40000
2020,President,polls-plus,11/2/2020,Trump,Biden,"",.000225,.0036,,336,16:46:04  2 Nov 2020,40000
2020,President,polls-plus,11/2/2020,Trump,Biden,"",.000425,.01375,,335,16:46:04  2 Nov 2020,40000
2020,President,polls-plus,11/2/2020,Trump,Biden,"",.000175,.0106,,334,16:46:04  2 Nov 2020,40000
2020,President,polls-plus,11/2/2020,Trump,Biden,"",.000575,.00505,,333,16:46:04  2 Nov 2020,40000
2020,President,polls-plus,11/2/2020,Trump,Biden,"",.000225,.0024,,332,16:46:04  2 Nov 2020,40000
2020,President,polls-plus,11/2/2020,Trump,Biden,"",.00055,.002125,,331,16:46:04  2 Nov 2020,40000
2020,President,polls-plus,11/2/2020,Trump,Biden,"",.000275,.0042,,330,16:46:04  2 Nov 2020,40000
2020,President,polls-plus,11/2/2020,Trump,Biden,"",.00015,0,,33,16:46:04  2 Nov 2020,40000
2020,President,polls-plus,11/2/2020,Trump,Biden,"",.0007,.00425,,329,16:46:04  2 Nov 2020,40000
2020,President,polls-plus,11/2/2020,Trump,Biden,"",.00215,.003275,,328,16:46:04  2 Nov 2020,40000
2020,President,polls-plus,11/2/2020,Trump,Biden,"",.00055,.003,,327,16:46:04  2 Nov 2020,40000
2020,President,polls-plus,11/2/2020,Trump,Biden,"",.00105,.003475,,326,16:46:04  2 Nov 2020,40000
2020,President,polls-plus,11/2/2020,Trump,Biden,"",.00055,.0037,,325,16:46:04  2 Nov 2020,40000
2020,President,polls-plus,11/2/2020,Trump,Biden,"",.00035,.008025,,324,16:46:04  2 Nov 2020,40000
2020,President,polls-plus,11/2/2020,Trump,Biden,"",.000375,.006975,,323,16:46:04  2 Nov 2020,40000
2020,President,polls-plus,11/2/2020,Trump,Biden,"",.0012,.004175,,322,16:46:04  2 Nov 2020,40000
2020,President,polls-plus,11/2/2020,Trump,Biden,"",.0007,.0027,,321,16:46:04  2 Nov 2020,40000
2020,President,polls-plus,11/2/2020,Trump,Biden,"",.0004,.00745,,320,16:46:04  2 Nov 2020,40000
2020,President,polls-plus,11/2/2020,Trump,Biden,"",.000225,0,,32,16:46:04  2 Nov 2020,40000
2020,President,polls-plus,11/2/2020,Trump,Biden,"",.00055,.015525,,319,16:46:04  2 Nov 2020,40000
2020,President,polls-plus,11/2/2020,Trump,Biden,"",.00115,.00625,,318,16:46:04  2 Nov 2020,40000
2020,President,polls-plus,11/2/2020,Trump,Biden,"",.000775,.003125,,317,16:46:04  2 Nov 2020,40000
2020,President,polls-plus,11/2/2020,Trump,Biden,"",.001325,.0033,,316,16:46:04  2 Nov 2020,40000
2020,President,polls-plus,11/2/2020,Trump,Biden,"",.000575,.00405,,315,16:46:04  2 Nov 2020,40000
2020,President,polls-plus,11/2/2020,Trump,Biden,"",.000625,.003175,,314,16:46:04  2 Nov 2020,40000
2020,President,polls-plus,11/2/2020,Trump,Biden,"",.000375,.005725,,313,16:46:04  2 Nov 2020,40000
2020,President,polls-plus,11/2/2020,Trump,Biden,"",.002725,.00285,,312,16:46:04  2 Nov 2020,40000
2020,President,polls-plus,11/2/2020,Trump,Biden,"",.001275,.00285,,311,16:46:04  2 Nov 2020,40000
2020,President,polls-plus,11/2/2020,Trump,Biden,"",.00115,.00395,,310,16:46:04  2 Nov 2020,40000
2020,President,polls-plus,11/2/2020,Trump,Biden,"",.0001,0,,31,16:46:04  2 Nov 2020,40000
2020,President,polls-plus,11/2/2020,Trump,Biden,"",.0005,.00645,,309,16:46:04  2 Nov 2020,40000
2020,President,polls-plus,11/2/2020,Trump,Biden,"",.000875,.00715,,308,16:46:04  2 Nov 2020,40000
2020,President,polls-plus,11/2/2020,Trump,Biden,"",.000475,.003975,,307,16:46:04  2 Nov 2020,40000
2020,President,polls-plus,11/2/2020,Trump,Biden,"",.002025,.004325,,306,16:46:04  2 Nov 2020,40000
2020,President,polls-plus,11/2/2020,Trump,Biden,"",.000925,.00375,,305,16:46:04  2 Nov 2020,40000
2020,President,polls-plus,11/2/2020,Trump,Biden,"",.000425,.003125,,304,16:46:04  2 Nov 2020,40000
2020,President,polls-plus,11/2/2020,Trump,Biden,"",.00035,.001975,,303,16:46:04  2 Nov 2020,40000
2020,President,polls-plus,11/2/2020,Trump,Biden,"",.002525,.002825,,302,16:46:04  2 Nov 2020,40000
2020,President,polls-plus,11/2/2020,Trump,Biden,"",.001375,.002125,,301,16:46:04  2 Nov 2020,40000
2020,President,polls-plus,11/2/2020,Trump,Biden,"",.001575,.002225,,300,16:46:04  2 Nov 2020,40000
2020,President,polls-plus,11/2/2020,Trump,Biden,"",.000025,0,,30,16:46:04  2 Nov 2020,40000
2020,President,polls-plus,11/2/2020,Trump,Biden,"",.000025,0,,3,16:46:04  2 Nov 2020,40000
2020,President,polls-plus,11/2/2020,Trump,Biden,"",.000675,.00295,,299,16:46:04  2 Nov 2020,40000
2020,President,polls-plus,11/2/2020,Trump,Biden,"",.000625,.0048,,298,16:46:04  2 Nov 2020,40000
2020,President,polls-plus,11/2/2020,Trump,Biden,"",.0008,.004025,,297,16:46:04  2 Nov 2020,40000
2020,President,polls-plus,11/2/2020,Trump,Biden,"",.003375,.00265,,296,16:46:04  2 Nov 2020,40000
2020,President,polls-plus,11/2/2020,Trump,Biden,"",.002225,.006975,,295,16:46:04  2 Nov 2020,40000
2020,President,polls-plus,11/2/2020,Trump,Biden,"",.001375,.007325,,294,16:46:04  2 Nov 2020,40000
2020,President,polls-plus,11/2/2020,Trump,Biden,"",.000975,.00375,,293,16:46:04  2 Nov 2020,40000
2020,President,polls-plus,11/2/2020,Trump,Biden,"",.001375,.002525,,292,16:46:04  2 Nov 2020,40000
2020,President,polls-plus,11/2/2020,Trump,Biden,"",.000975,.00715,,291,16:46:04  2 Nov 2020,40000
2020,President,polls-plus,11/2/2020,Trump,Biden,"",.003125,.0119,,290,16:46:04  2 Nov 2020,40000
2020,President,polls-plus,11/2/2020,Trump,Biden,"",.000125,0,,29,16:46:04  2 Nov 2020,40000
2020,President,polls-plus,11/2/2020,Trump,Biden,"",.001125,.006275,,289,16:46:04  2 Nov 2020,40000
2020,President,polls-plus,11/2/2020,Trump,Biden,"",.000625,.0035,,288,16:46:04  2 Nov 2020,40000
2020,President,polls-plus,11/2/2020,Trump,Biden,"",.0008,.001675,,287,16:46:04  2 Nov 2020,40000
2020,President,polls-plus,11/2/2020,Trump,Biden,"",.006,.0019,,286,16:46:04  2 Nov 2020,40000
2020,President,polls-plus,11/2/2020,Trump,Biden,"",.005675,.002225,,285,16:46:04  2 Nov 2020,40000
2020,President,polls-plus,11/2/2020,Trump,Biden,"",.002325,.002675,,284,16:46:04  2 Nov 2020,40000
2020,President,polls-plus,11/2/2020,Trump,Biden,"",.00125,.002325,,283,16:46:04  2 Nov 2020,40000
2020,President,polls-plus,11/2/2020,Trump,Biden,"",.001075,.00235,,282,16:46:04  2 Nov 2020,40000
2020,President,polls-plus,11/2/2020,Trump,Biden,"",.001675,.001325,,281,16:46:04  2 Nov 2020,40000
2020,President,polls-plus,11/2/2020,Trump,Biden,"",.006225,.007475,,280,16:46:04  2 Nov 2020,40000
2020,President,polls-plus,11/2/2020,Trump,Biden,"",.0001,0,,28,16:46:04  2 Nov 2020,40000
2020,President,polls-plus,11/2/2020,Trump,Biden,"",.00535,.0161,,279,16:46:04  2 Nov 2020,40000
2020,President,polls-plus,11/2/2020,Trump,Biden,"",.00115,.007225,,278,16:46:04  2 Nov 2020,40000
2020,President,polls-plus,11/2/2020,Trump,Biden,"",.000575,.0014,,277,16:46:04  2 Nov 2020,40000
2020,President,polls-plus,11/2/2020,Trump,Biden,"",.0019,.000975,,276,16:46:04  2 Nov 2020,40000
2020,President,polls-plus,11/2/2020,Trump,Biden,"",.0031,.0013,,275,16:46:04  2 Nov 2020,40000
2020,President,polls-plus,11/2/2020,Trump,Biden,"",.0017,.0046,,274,16:46:04  2 Nov 2020,40000
2020,President,polls-plus,11/2/2020,Trump,Biden,"",.001325,.008475,,273,16:46:04  2 Nov 2020,40000
2020,President,polls-plus,11/2/2020,Trump,Biden,"",.00135,.003825,,272,16:46:04  2 Nov 2020,40000
2020,President,polls-plus,11/2/2020,Trump,Biden,"",.001325,.001125,,271,16:46:04  2 Nov 2020,40000
2020,President,polls-plus,11/2/2020,Trump,Biden,"",.0022,.00315,,270,16:46:04  2 Nov 2020,40000
2020,President,polls-plus,11/2/2020,Trump,Biden,"",.00005,0,,27,16:46:04  2 Nov 2020,40000
2020,President,polls-plus,11/2/2020,Trump,Biden,"",.00435,.00435,,269,16:46:04  2 Nov 2020,40000
2020,President,polls-plus,11/2/2020,Trump,Biden,"",.00315,.0022,,268,16:46:04  2 Nov 2020,40000
2020,President,polls-plus,11/2/2020,Trump,Biden,"",.001125,.001325,,267,16:46:04  2 Nov 2020,40000
2020,President,polls-plus,11/2/2020,Trump,Biden,"",.003825,.00135,,266,16:46:04  2 Nov 2020,40000
2020,President,polls-plus,11/2/2020,Trump,Biden,"",.008475,.001325,,265,16:46:04  2 Nov 2020,40000
2020,President,polls-plus,11/2/2020,Trump,Biden,"",.0046,.0017,,264,16:46:04  2 Nov 2020,40000
2020,President,polls-plus,11/2/2020,Trump,Biden,"",.0013,.0031,,263,16:46:04  2 Nov 2020,40000
2020,President,polls-plus,11/2/2020,Trump,Biden,"",.000975,.0019,,262,16:46:04  2 Nov 2020,40000
2020,President,polls-plus,11/2/2020,Trump,Biden,"",.0014,.000575,,261,16:46:04  2 Nov 2020,40000
2020,President,polls-plus,11/2/2020,Trump,Biden,"",.007225,.00115,,260,16:46:04  2 Nov 2020,40000
2020,President,polls-plus,11/2/2020,Trump,Biden,"",.000225,0,,26,16:46:04  2 Nov 2020,40000
2020,President,polls-plus,11/2/2020,Trump,Biden,"",.0161,.00535,,259,16:46:04  2 Nov 2020,40000
2020,President,polls-plus,11/2/2020,Trump,Biden,"",.007475,.006225,,258,16:46:04  2 Nov 2020,40000
2020,President,polls-plus,11/2/2020,Trump,Biden,"",.001325,.001675,,257,16:46:04  2 Nov 2020,40000
2020,President,polls-plus,11/2/2020,Trump,Biden,"",.00235,.001075,,256,16:46:04  2 Nov 2020,40000
2020,President,polls-plus,11/2/2020,Trump,Biden,"",.002325,.00125,,255,16:46:04  2 Nov 2020,40000
2020,President,polls-plus,11/2/2020,Trump,Biden,"",.002675,.002325,,254,16:46:04  2 Nov 2020,40000
2020,President,polls-plus,11/2/2020,Trump,Biden,"",.002225,.005675,,253,16:46:04  2 Nov 2020,40000
2020,President,polls-plus,11/2/2020,Trump,Biden,"",.0019,.006,,252,16:46:04  2 Nov 2020,40000
2020,President,polls-plus,11/2/2020,Trump,Biden,"",.001675,.0008,,251,16:46:04  2 Nov 2020,40000
2020,President,polls-plus,11/2/2020,Trump,Biden,"",.0035,.000625,,250,16:46:04  2 Nov 2020,40000
2020,President,polls-plus,11/2/2020,Trump,Biden,"",.00005,0,,25,16:46:04  2 Nov 2020,40000
2020,President,polls-plus,11/2/2020,Trump,Biden,"",.006275,.001125,,249,16:46:04  2 Nov 2020,40000
2020,President,polls-plus,11/2/2020,Trump,Biden,"",.0119,.003125,,248,16:46:04  2 Nov 2020,40000
2020,President,polls-plus,11/2/2020,Trump,Biden,"",.00715,.000975,,247,16:46:04  2 Nov 2020,40000
2020,President,polls-plus,11/2/2020,Trump,Biden,"",.002525,.001375,,246,16:46:04  2 Nov 2020,40000
2020,President,polls-plus,11/2/2020,Trump,Biden,"",.00375,.000975,,245,16:46:04  2 Nov 2020,40000
2020,President,polls-plus,11/2/2020,Trump,Biden,"",.007325,.001375,,244,16:46:04  2 Nov 2020,40000
2020,President,polls-plus,11/2/2020,Trump,Biden,"",.006975,.002225,,243,16:46:04  2 Nov 2020,40000
2020,President,polls-plus,11/2/2020,Trump,Biden,"",.00265,.003375,,242,16:46:04  2 Nov 2020,40000
2020,President,polls-plus,11/2/2020,Trump,Biden,"",.004025,.0008,,241,16:46:04  2 Nov 2020,40000
2020,President,polls-plus,11/2/2020,Trump,Biden,"",.0048,.000625,,240,16:46:04  2 Nov 2020,40000
2020,President,polls-plus,11/2/2020,Trump,Biden,"",.00005,0,,24,16:46:04  2 Nov 2020,40000
2020,President,polls-plus,11/2/2020,Trump,Biden,"",.00295,.000675,,239,16:46:04  2 Nov 2020,40000
2020,President,polls-plus,11/2/2020,Trump,Biden,"",.002225,.001575,,238,16:46:04  2 Nov 2020,40000
2020,President,polls-plus,11/2/2020,Trump,Biden,"",.002125,.001375,,237,16:46:04  2 Nov 2020,40000
2020,President,polls-plus,11/2/2020,Trump,Biden,"",.002825,.002525,,236,16:46:04  2 Nov 2020,40000
2020,President,polls-plus,11/2/2020,Trump,Biden,"",.001975,.00035,,235,16:46:04  2 Nov 2020,40000
2020,President,polls-plus,11/2/2020,Trump,Biden,"",.003125,.000425,,234,16:46:04  2 Nov 2020,40000
2020,President,polls-plus,11/2/2020,Trump,Biden,"",.00375,.000925,,233,16:46:04  2 Nov 2020,40000
2020,President,polls-plus,11/2/2020,Trump,Biden,"",.004325,.002025,,232,16:46:04  2 Nov 2020,40000
2020,President,polls-plus,11/2/2020,Trump,Biden,"",.003975,.000475,,231,16:46:04  2 Nov 2020,40000
2020,President,polls-plus,11/2/2020,Trump,Biden,"",.00715,.000875,,230,16:46:04  2 Nov 2020,40000
2020,President,polls-plus,11/2/2020,Trump,Biden,"",.000075,0,,23,16:46:04  2 Nov 2020,40000
2020,President,polls-plus,11/2/2020,Trump,Biden,"",.00645,.0005,,229,16:46:04  2 Nov 2020,40000
2020,President,polls-plus,11/2/2020,Trump,Biden,"",.00395,.00115,,228,16:46:04  2 Nov 2020,40000
2020,President,polls-plus,11/2/2020,Trump,Biden,"",.00285,.001275,,227,16:46:04  2 Nov 2020,40000
2020,President,polls-plus,11/2/2020,Trump,Biden,"",.00285,.002725,,226,16:46:04  2 Nov 2020,40000
2020,President,polls-plus,11/2/2020,Trump,Biden,"",.005725,.000375,,225,16:46:04  2 Nov 2020,40000
2020,President,polls-plus,11/2/2020,Trump,Biden,"",.003175,.000625,,224,16:46:04  2 Nov 2020,40000
2020,President,polls-plus,11/2/2020,Trump,Biden,"",.00405,.000575,,223,16:46:04  2 Nov 2020,40000
2020,President,polls-plus,11/2/2020,Trump,Biden,"",.0033,.001325,,222,16:46:04  2 Nov 2020,40000
2020,President,polls-plus,11/2/2020,Trump,Biden,"",.003125,.000775,,221,16:46:04  2 Nov 2020,40000
2020,President,polls-plus,11/2/2020,Trump,Biden,"",.00625,.00115,,220,16:46:04  2 Nov 2020,40000
2020,President,polls-plus,11/2/2020,Trump,Biden,"",.000275,0,,22,16:46:04  2 Nov 2020,40000
2020,President,polls-plus,11/2/2020,Trump,Biden,"",.015525,.00055,,219,16:46:04  2 Nov 2020,40000
2020,President,polls-plus,11/2/2020,Trump,Biden,"",.00745,.0004,,218,16:46:04  2 Nov 2020,40000
2020,President,polls-plus,11/2/2020,Trump,Biden,"",.0027,.0007,,217,16:46:04  2 Nov 2020,40000
2020,President,polls-plus,11/2/2020,Trump,Biden,"",.004175,.0012,,216,16:46:04  2 Nov 2020,40000
2020,President,polls-plus,11/2/2020,Trump,Biden,"",.006975,.000375,,215,16:46:04  2 Nov 2020,40000
2020,President,polls-plus,11/2/2020,Trump,Biden,"",.008025,.00035,,214,16:46:04  2 Nov 2020,40000
2020,President,polls-plus,11/2/2020,Trump,Biden,"",.0037,.00055,,213,16:46:04  2 Nov 2020,40000
2020,President,polls-plus,11/2/2020,Trump,Biden,"",.003475,.00105,,212,16:46:04  2 Nov 2020,40000
2020,President,polls-plus,11/2/2020,Trump,Biden,"",.003,.00055,,211,16:46:04  2 Nov 2020,40000
2020,President,polls-plus,11/2/2020,Trump,Biden,"",.003275,.00215,,210,16:46:04  2 Nov 2020,40000
2020,President,polls-plus,11/2/2020,Trump,Biden,"",.000075,0,,21,16:46:04  2 Nov 2020,40000
2020,President,polls-plus,11/2/2020,Trump,Biden,"",.00425,.0007,,209,16:46:04  2 Nov 2020,40000
2020,President,polls-plus,11/2/2020,Trump,Biden,"",.0042,.000275,,208,16:46:04  2 Nov 2020,40000
2020,President,polls-plus,11/2/2020,Trump,Biden,"",.002125,.00055,,207,16:46:04  2 Nov 2020,40000
2020,President,polls-plus,11/2/2020,Trump,Biden,"",.0024,.000225,,206,16:46:04  2 Nov 2020,40000
2020,President,polls-plus,11/2/2020,Trump,Biden,"",.00505,.000575,,205,16:46:04  2 Nov 2020,40000
2020,President,polls-plus,11/2/2020,Trump,Biden,"",.0106,.000175,,204,16:46:04  2 Nov 2020,40000
2020,President,polls-plus,11/2/2020,Trump,Biden,"",.01375,.000425,,203,16:46:04  2 Nov 2020,40000
2020,President,polls-plus,11/2/2020,Trump,Biden,"",.0036,.000225,,202,16:46:04  2 Nov 2020,40000
2020,President,polls-plus,11/2/2020,Trump,Biden,"",.003575,.000725,,201,16:46:04  2 Nov 2020,40000
2020,President,polls-plus,11/2/2020,Trump,Biden,"",.0062,.000275,,200,16:46:04  2 Nov 2020,40000
2020,President,polls-plus,11/2/2020,Trump,Biden,"",.000075,0,,20,16:46:04  2 Nov 2020,40000
2020,President,polls-plus,11/2/2020,Trump,Biden,"",0,0,,2,16:46:04  2 Nov 2020,40000
2020,President,polls-plus,11/2/2020,Trump,Biden,"",.00705,.00035,,199,16:46:04  2 Nov 2020,40000
2020,President,polls-plus,11/2/2020,Trump,Biden,"",.006125,.000275,,198,16:46:04  2 Nov 2020,40000
2020,President,polls-plus,11/2/2020,Trump,Biden,"",.005075,.000375,,197,16:46:04  2 Nov 2020,40000
2020,President,polls-plus,11/2/2020,Trump,Biden,"",.004025,.00095,,196,16:46:04  2 Nov 2020,40000
2020,President,polls-plus,11/2/2020,Trump,Biden,"",.0029,.000225,,195,16:46:04  2 Nov 2020,40000
2020,President,polls-plus,11/2/2020,Trump,Biden,"",.0054,.000275,,194,16:46:04  2 Nov 2020,40000
2020,President,polls-plus,11/2/2020,Trump,Biden,"",.00245,.000125,,193,16:46:04  2 Nov 2020,40000
2020,President,polls-plus,11/2/2020,Trump,Biden,"",.003775,.00015,,192,16:46:04  2 Nov 2020,40000
2020,President,polls-plus,11/2/2020,Trump,Biden,"",.00305,.0001,,191,16:46:04  2 Nov 2020,40000
2020,President,polls-plus,11/2/2020,Trump,Biden,"",.003,.00045,,190,16:46:04  2 Nov 2020,40000
2020,President,polls-plus,11/2/2020,Trump,Biden,"",.0001,0,,19,16:46:04  2 Nov 2020,40000
2020,President,polls-plus,11/2/2020,Trump,Biden,"",.00435,.000125,,189,16:46:04  2 Nov 2020,40000
2020,President,polls-plus,11/2/2020,Trump,Biden,"",.015475,.0008,,188,16:46:04  2 Nov 2020,40000
2020,President,polls-plus,11/2/2020,Trump,Biden,"",.010475,.00015,,187,16:46:04  2 Nov 2020,40000
2020,President,polls-plus,11/2/2020,Trump,Biden,"",.004625,.000025,,186,16:46:04  2 Nov 2020,40000
2020,President,polls-plus,11/2/2020,Trump,Biden,"",.008925,.00015,,185,16:46:04  2 Nov 2020,40000
2020,President,polls-plus,11/2/2020,Trump,Biden,"",.0028,.00005,,184,16:46:04  2 Nov 2020,40000
2020,President,polls-plus,11/2/2020,Trump,Biden,"",.001925,.000625,,183,16:46:04  2 Nov 2020,40000
2020,President,polls-plus,11/2/2020,Trump,Biden,"",.00535,.0001,,182,16:46:04  2 Nov 2020,40000
2020,President,polls-plus,11/2/2020,Trump,Biden,"",.00875,.0001,,181,16:46:04  2 Nov 2020,40000
2020,President,polls-plus,11/2/2020,Trump,Biden,"",.006675,.00015,,180,16:46:04  2 Nov 2020,40000
2020,President,polls-plus,11/2/2020,Trump,Biden,"",.0002,0,,18,16:46:04  2 Nov 2020,40000
2020,President,polls-plus,11/2/2020,Trump,Biden,"",.009175,.000025,,179,16:46:04  2 Nov 2020,40000
2020,President,polls-plus,11/2/2020,Trump,Biden,"",.00385,.000075,,178,16:46:04  2 Nov 2020,40000
2020,President,polls-plus,11/2/2020,Trump,Biden,"",.00225,.000025,,177,16:46:04  2 Nov 2020,40000
2020,President,polls-plus,11/2/2020,Trump,Biden,"",.00465,.000275,,176,16:46:04  2 Nov 2020,40000
2020,President,polls-plus,11/2/2020,Trump,Biden,"",.0029,.000175,,175,16:46:04  2 Nov 2020,40000
2020,President,polls-plus,11/2/2020,Trump,Biden,"",.00465,.000075,,174,16:46:04  2 Nov 2020,40000
2020,President,polls-plus,11/2/2020,Trump,Biden,"",.002725,.00005,,173,16:46:04  2 Nov 2020,40000
2020,President,polls-plus,11/2/2020,Trump,Biden,"",.001925,0,,172,16:46:04  2 Nov 2020,40000
2020,President,polls-plus,11/2/2020,Trump,Biden,"",.002425,.00005,,171,16:46:04  2 Nov 2020,40000
2020,President,polls-plus,11/2/2020,Trump,Biden,"",.0081,.000025,,170,16:46:04  2 Nov 2020,40000
2020,President,polls-plus,11/2/2020,Trump,Biden,"",.000025,0,,17,16:46:04  2 Nov 2020,40000
2020,President,polls-plus,11/2/2020,Trump,Biden,"",.01375,.000025,,169,16:46:04  2 Nov 2020,40000
2020,President,polls-plus,11/2/2020,Trump,Biden,"",.0014,.0001,,168,16:46:04  2 Nov 2020,40000
2020,President,polls-plus,11/2/2020,Trump,Biden,"",.00295,0,,167,16:46:04  2 Nov 2020,40000
2020,President,polls-plus,11/2/2020,Trump,Biden,"",.00575,0,,166,16:46:04  2 Nov 2020,40000
2020,President,polls-plus,11/2/2020,Trump,Biden,"",.006125,0,,165,16:46:04  2 Nov 2020,40000
2020,President,polls-plus,11/2/2020,Trump,Biden,"",.00605,.000025,,164,16:46:04  2 Nov 2020,40000
2020,President,polls-plus,11/2/2020,Trump,Biden,"",.02095,.000025,,163,16:46:04  2 Nov 2020,40000
2020,President,polls-plus,11/2/2020,Trump,Biden,"",.002375,0,,162,16:46:04  2 Nov 2020,40000
2020,President,polls-plus,11/2/2020,Trump,Biden,"",.00355,0,,161,16:46:04  2 Nov 2020,40000
2020,President,polls-plus,11/2/2020,Trump,Biden,"",.009575,.00005,,160,16:46:04  2 Nov 2020,40000
2020,President,polls-plus,11/2/2020,Trump,Biden,"",.00015,0,,16,16:46:04  2 Nov 2020,40000
2020,President,polls-plus,11/2/2020,Trump,Biden,"",.003175,0,,159,16:46:04  2 Nov 2020,40000
2020,President,polls-plus,11/2/2020,Trump,Biden,"",.0019,.000025,,158,16:46:04  2 Nov 2020,40000
2020,President,polls-plus,11/2/2020,Trump,Biden,"",.004775,.0001,,157,16:46:04  2 Nov 2020,40000
2020,President,polls-plus,11/2/2020,Trump,Biden,"",.0031,.00005,,156,16:46:04  2 Nov 2020,40000
2020,President,polls-plus,11/2/2020,Trump,Biden,"",.001775,.000025,,155,16:46:04  2 Nov 2020,40000
2020,President,polls-plus,11/2/2020,Trump,Biden,"",.00325,0,,154,16:46:04  2 Nov 2020,40000
2020,President,polls-plus,11/2/2020,Trump,Biden,"",.001675,0,,153,16:46:04  2 Nov 2020,40000
2020,President,polls-plus,11/2/2020,Trump,Biden,"",.0031,0,,152,16:46:04  2 Nov 2020,40000
2020,President,polls-plus,11/2/2020,Trump,Biden,"",.002625,0,,151,16:46:04  2 Nov 2020,40000
2020,President,polls-plus,11/2/2020,Trump,Biden,"",.015025,0,,150,16:46:04  2 Nov 2020,40000
2020,President,polls-plus,11/2/2020,Trump,Biden,"",.000075,0,,15,16:46:04  2 Nov 2020,40000
2020,President,polls-plus,11/2/2020,Trump,Biden,"",.00815,0,,149,16:46:04  2 Nov 2020,40000
2020,President,polls-plus,11/2/2020,Trump,Biden,"",.002375,.00005,,148,16:46:04  2 Nov 2020,40000
2020,President,polls-plus,11/2/2020,Trump,Biden,"",.005425,0,,147,16:46:04  2 Nov 2020,40000
2020,President,polls-plus,11/2/2020,Trump,Biden,"",.00235,0,,146,16:46:04  2 Nov 2020,40000
2020,President,polls-plus,11/2/2020,Trump,Biden,"",.0011,0,,145,16:46:04  2 Nov 2020,40000
2020,President,polls-plus,11/2/2020,Trump,Biden,"",.0077,0,,144,16:46:04  2 Nov 2020,40000
2020,President,polls-plus,11/2/2020,Trump,Biden,"",.006375,.00005,,143,16:46:04  2 Nov 2020,40000
2020,President,polls-plus,11/2/2020,Trump,Biden,"",.003275,.000025,,142,16:46:04  2 Nov 2020,40000
2020,President,polls-plus,11/2/2020,Trump,Biden,"",.00635,.000025,,141,16:46:04  2 Nov 2020,40000
2020,President,polls-plus,11/2/2020,Trump,Biden,"",.00335,0,,140,16:46:04  2 Nov 2020,40000
2020,President,polls-plus,11/2/2020,Trump,Biden,"",.00005,0,,14,16:46:04  2 Nov 2020,40000
2020,President,polls-plus,11/2/2020,Trump,Biden,"",.0011,0,,139,16:46:04  2 Nov 2020,40000
2020,President,polls-plus,11/2/2020,Trump,Biden,"",.00355,0,,138,16:46:04  2 Nov 2020,40000
2020,President,polls-plus,11/2/2020,Trump,Biden,"",.002575,0,,137,16:46:04  2 Nov 2020,40000
2020,President,polls-plus,11/2/2020,Trump,Biden,"",.002325,0,,136,16:46:04  2 Nov 2020,40000
2020,President,polls-plus,11/2/2020,Trump,Biden,"",.00255,0,,135,16:46:04  2 Nov 2020,40000
2020,President,polls-plus,11/2/2020,Trump,Biden,"",.0017,.000025,,134,16:46:04  2 Nov 2020,40000
2020,President,polls-plus,11/2/2020,Trump,Biden,"",.0014,0,,133,16:46:04  2 Nov 2020,40000
2020,President,polls-plus,11/2/2020,Trump,Biden,"",.011625,0,,132,16:46:04  2 Nov 2020,40000
2020,President,polls-plus,11/2/2020,Trump,Biden,"",.016525,0,,131,16:46:04  2 Nov 2020,40000
2020,President,polls-plus,11/2/2020,Trump,Biden,"",.000875,0,,130,16:46:04  2 Nov 2020,40000
2020,President,polls-plus,11/2/2020,Trump,Biden,"",.000075,0,,13,16:46:04  2 Nov 2020,40000
2020,President,polls-plus,11/2/2020,Trump,Biden,"",.002025,0,,129,16:46:04  2 Nov 2020,40000
2020,President,polls-plus,11/2/2020,Trump,Biden,"",.004325,.000025,,128,16:46:04  2 Nov 2020,40000
2020,President,polls-plus,11/2/2020,Trump,Biden,"",.00095,0,,127,16:46:04  2 Nov 2020,40000
2020,President,polls-plus,11/2/2020,Trump,Biden,"",.013675,0,,126,16:46:04  2 Nov 2020,40000
2020,President,polls-plus,11/2/2020,Trump,Biden,"",.051875,0,,125,16:46:04  2 Nov 2020,40000
2020,President,polls-plus,11/2/2020,Trump,Biden,"",.00165,0,,124,16:46:04  2 Nov 2020,40000
2020,President,polls-plus,11/2/2020,Trump,Biden,"",.00385,0,,123,16:46:04  2 Nov 2020,40000
2020,President,polls-plus,11/2/2020,Trump,Biden,"",.0224,0,,122,16:46:04  2 Nov 2020,40000
2020,President,polls-plus,11/2/2020,Trump,Biden,"",.00235,.000025,,121,16:46:04  2 Nov 2020,40000
2020,President,polls-plus,11/2/2020,Trump,Biden,"",.002175,0,,120,16:46:04  2 Nov 2020,40000
2020,President,polls-plus,11/2/2020,Trump,Biden,"",.000025,0,,12,16:46:04  2 Nov 2020,40000
2020,President,polls-plus,11/2/2020,Trump,Biden,"",.0125,0,,119,16:46:04  2 Nov 2020,40000
2020,President,polls-plus,11/2/2020,Trump,Biden,"",.001675,0,,118,16:46:04  2 Nov 2020,40000
2020,President,polls-plus,11/2/2020,Trump,Biden,"",.002775,0,,117,16:46:04  2 Nov 2020,40000
2020,President,polls-plus,11/2/2020,Trump,Biden,"",.00655,0,,116,16:46:04  2 Nov 2020,40000
2020,President,polls-plus,11/2/2020,Trump,Biden,"",.00285,0,,115,16:46:04  2 Nov 2020,40000
2020,President,polls-plus,11/2/2020,Trump,Biden,"",.002075,0,,114,16:46:04  2 Nov 2020,40000
2020,President,polls-plus,11/2/2020,Trump,Biden,"",.006125,0,,113,16:46:04  2 Nov 2020,40000
2020,President,polls-plus,11/2/2020,Trump,Biden,"",.00315,0,,112,16:46:04  2 Nov 2020,40000
2020,President,polls-plus,11/2/2020,Trump,Biden,"",.002575,0,,111,16:46:04  2 Nov 2020,40000
2020,President,polls-plus,11/2/2020,Trump,Biden,"",.004375,0,,110,16:46:04  2 Nov 2020,40000
2020,President,polls-plus,11/2/2020,Trump,Biden,"",.000175,0,,11,16:46:04  2 Nov 2020,40000
2020,President,polls-plus,11/2/2020,Trump,Biden,"",.002625,0,,109,16:46:04  2 Nov 2020,40000
2020,President,polls-plus,11/2/2020,Trump,Biden,"",.002025,.00005,,108,16:46:04  2 Nov 2020,40000
2020,President,polls-plus,11/2/2020,Trump,Biden,"",.003,0,,107,16:46:04  2 Nov 2020,40000
2020,President,polls-plus,11/2/2020,Trump,Biden,"",.002475,0,,106,16:46:04  2 Nov 2020,40000
2020,President,polls-plus,11/2/2020,Trump,Biden,"",.001375,0,,105,16:46:04  2 Nov 2020,40000
2020,President,polls-plus,11/2/2020,Trump,Biden,"",.00235,0,,104,16:46:04  2 Nov 2020,40000
2020,President,polls-plus,11/2/2020,Trump,Biden,"",.002725,0,,103,16:46:04  2 Nov 2020,40000
2020,President,polls-plus,11/2/2020,Trump,Biden,"",.00125,0,,102,16:46:04  2 Nov 2020,40000
2020,President,polls-plus,11/2/2020,Trump,Biden,"",.001325,.000025,,101,16:46:04  2 Nov 2020,40000
2020,President,polls-plus,11/2/2020,Trump,Biden,"",.002525,0,,100,16:46:04  2 Nov 2020,40000
2020,President,polls-plus,11/2/2020,Trump,Biden,"",.00015,0,,10,16:46:04  2 Nov 2020,40000
2020,President,polls-plus,11/2/2020,Trump,Biden,"",.00015,0,,1,16:46:04  2 Nov 2020,40000
2020,President,polls-plus,11/2/2020,Trump,Biden,"",0,0,,0,16:46:04  2 Nov 2020,40000
