cycle,branch,model,modeldate,candidate_inc,candidate_chal,candidate_3rd,state,step_no,value_inc,value_chal,value_3rd,weight,step_description,timestamp,simulations
2020,President,polls-plus,11/2/2020,Trump,Biden,"",Wyoming,9,65.85229,31.02924,,,Projected vote share,16:46:04  2 Nov 2020,40000
2020,President,polls-plus,11/2/2020,Trump,Biden,"",Wyoming,8,69.48777,27.39375,,0,Blend with economic fundamentals,16:46:04  2 Nov 2020,40000
2020,President,polls-plus,11/2/2020,Trump,Biden,"",Wyoming,7,65.85229,31.02924,,,Snapshot,16:46:04  2 Nov 2020,40000
2020,President,polls-plus,11/2/2020,Trump,Biden,"",Wyoming,6,68.31051,28.57101,,.4017282,Blend with regression,16:46:04  2 Nov 2020,40000
2020,President,polls-plus,11/2/2020,Trump,Biden,"",Wyoming,5,64.20163,32.67989,,,Reallocated vote share,16:46:04  2 Nov 2020,40000
2020,President,polls-plus,11/2/2020,Trump,Biden,"",Wyoming,4,1.840744,1.840748,,,Reallocate undecideds and third-party votes,16:46:04  2 Nov 2020,40000
2020,President,polls-plus,11/2/2020,Trump,Biden,"",Wyoming,3,62.36089,30.83914,,,Adjusted polling average,16:46:04  2 Nov 2020,40000
2020,President,polls-plus,11/2/2020,Trump,Biden,"",Wyoming,2,0,0,,,Adjust for bounces & recent events,16:46:04  2 Nov 2020,40000
2020,President,polls-plus,11/2/2020,Trump,Biden,"",Wyoming,1,62.36089,30.83914,,,Polling average,16:46:04  2 Nov 2020,40000
2020,President,polls-plus,11/2/2020,Trump,Biden,"",Wyoming,10,.998375,.001625,,,Chance of winning,16:46:04  2 Nov 2020,40000
2020,President,polls-plus,11/2/2020,Trump,Biden,"",Wisconsin,9,45.45145,53.61151,,,Projected vote share,16:46:04  2 Nov 2020,40000
2020,President,polls-plus,11/2/2020,Trump,Biden,"",Wisconsin,8,49.70293,49.36003,,0,Blend with economic fundamentals,16:46:04  2 Nov 2020,40000
2020,President,polls-plus,11/2/2020,Trump,Biden,"",Wisconsin,7,45.45145,53.61151,,,Snapshot,16:46:04  2 Nov 2020,40000
2020,President,polls-plus,11/2/2020,Trump,Biden,"",Wisconsin,6,46.11447,52.94849,,.0420301,Blend with regression,16:46:04  2 Nov 2020,40000
2020,President,polls-plus,11/2/2020,Trump,Biden,"",Wisconsin,5,45.42236,53.6406,,,Reallocated vote share,16:46:04  2 Nov 2020,40000
2020,President,polls-plus,11/2/2020,Trump,Biden,"",Wisconsin,4,1.761066,1.761066,,,Reallocate undecideds and third-party votes,16:46:04  2 Nov 2020,40000
2020,President,polls-plus,11/2/2020,Trump,Biden,"",Wisconsin,3,43.6613,51.87954,,,Adjusted polling average,16:46:04  2 Nov 2020,40000
2020,President,polls-plus,11/2/2020,Trump,Biden,"",Wisconsin,2,0,0,,,Adjust for bounces & recent events,16:46:04  2 Nov 2020,40000
2020,President,polls-plus,11/2/2020,Trump,Biden,"",Wisconsin,1,43.6613,51.87954,,,Polling average,16:46:04  2 Nov 2020,40000
2020,President,polls-plus,11/2/2020,Trump,Biden,"",Wisconsin,10,.061875,.938125,,,Chance of winning,16:46:04  2 Nov 2020,40000
2020,President,polls-plus,11/2/2020,Trump,Biden,"",West Virginia,9,64.18158,34.09387,,,Projected vote share,16:46:04  2 Nov 2020,40000
2020,President,polls-plus,11/2/2020,Trump,Biden,"",West Virginia,8,68.00241,30.27304,,0,Blend with economic fundamentals,16:46:04  2 Nov 2020,40000
2020,President,polls-plus,11/2/2020,Trump,Biden,"",West Virginia,7,64.18158,34.09387,,,Snapshot,16:46:04  2 Nov 2020,40000
2020,President,polls-plus,11/2/2020,Trump,Biden,"",West Virginia,6,66.25428,32.02118,,.3869942,Blend with regression,16:46:04  2 Nov 2020,40000
2020,President,polls-plus,11/2/2020,Trump,Biden,"",West Virginia,5,62.87307,35.40238,,,Reallocated vote share,16:46:04  2 Nov 2020,40000
2020,President,polls-plus,11/2/2020,Trump,Biden,"",West Virginia,4,1.275532,1.275532,,,Reallocate undecideds and third-party votes,16:46:04  2 Nov 2020,40000
2020,President,polls-plus,11/2/2020,Trump,Biden,"",West Virginia,3,61.59754,34.12685,,,Adjusted polling average,16:46:04  2 Nov 2020,40000
2020,President,polls-plus,11/2/2020,Trump,Biden,"",West Virginia,2,0,0,,,Adjust for bounces & recent events,16:46:04  2 Nov 2020,40000
2020,President,polls-plus,11/2/2020,Trump,Biden,"",West Virginia,1,61.59754,34.12685,,,Polling average,16:46:04  2 Nov 2020,40000
2020,President,polls-plus,11/2/2020,Trump,Biden,"",West Virginia,10,.99165,.00835,,,Chance of winning,16:46:04  2 Nov 2020,40000
2020,President,polls-plus,11/2/2020,Trump,Biden,"",Washington,9,36.96908,60.71278,,,Projected vote share,16:46:04  2 Nov 2020,40000
2020,President,polls-plus,11/2/2020,Trump,Biden,"",Washington,8,41.03162,56.65025,,0,Blend with economic fundamentals,16:46:04  2 Nov 2020,40000
2020,President,polls-plus,11/2/2020,Trump,Biden,"",Washington,7,36.96908,60.71278,,,Snapshot,16:46:04  2 Nov 2020,40000
2020,President,polls-plus,11/2/2020,Trump,Biden,"",Washington,6,36.24717,61.4347,,.3137447,Blend with regression,16:46:04  2 Nov 2020,40000
2020,President,polls-plus,11/2/2020,Trump,Biden,"",Washington,5,37.29913,60.38274,,,Reallocated vote share,16:46:04  2 Nov 2020,40000
2020,President,polls-plus,11/2/2020,Trump,Biden,"",Washington,4,2.002739,2.002735,,,Reallocate undecideds and third-party votes,16:46:04  2 Nov 2020,40000
2020,President,polls-plus,11/2/2020,Trump,Biden,"",Washington,3,35.29639,58.38,,,Adjusted polling average,16:46:04  2 Nov 2020,40000
2020,President,polls-plus,11/2/2020,Trump,Biden,"",Washington,2,0,0,,,Adjust for bounces & recent events,16:46:04  2 Nov 2020,40000
2020,President,polls-plus,11/2/2020,Trump,Biden,"",Washington,1,35.29639,58.38,,,Polling average,16:46:04  2 Nov 2020,40000
2020,President,polls-plus,11/2/2020,Trump,Biden,"",Washington,10,.008375,.991625,,,Chance of winning,16:46:04  2 Nov 2020,40000
2020,President,polls-plus,11/2/2020,Trump,Biden,"",Virginia,9,43.53245,55.5367,,,Projected vote share,16:46:04  2 Nov 2020,40000
2020,President,polls-plus,11/2/2020,Trump,Biden,"",Virginia,8,47.7688,51.30035,,0,Blend with economic fundamentals,16:46:04  2 Nov 2020,40000
2020,President,polls-plus,11/2/2020,Trump,Biden,"",Virginia,7,43.53245,55.5367,,,Snapshot,16:46:04  2 Nov 2020,40000
2020,President,polls-plus,11/2/2020,Trump,Biden,"",Virginia,6,42.02398,57.04517,,.2161638,Blend with regression,16:46:04  2 Nov 2020,40000
2020,President,polls-plus,11/2/2020,Trump,Biden,"",Virginia,5,43.94845,55.1207,,,Reallocated vote share,16:46:04  2 Nov 2020,40000
2020,President,polls-plus,11/2/2020,Trump,Biden,"",Virginia,4,1.674362,1.674362,,,Reallocate undecideds and third-party votes,16:46:04  2 Nov 2020,40000
2020,President,polls-plus,11/2/2020,Trump,Biden,"",Virginia,3,42.27409,53.44634,,,Adjusted polling average,16:46:04  2 Nov 2020,40000
2020,President,polls-plus,11/2/2020,Trump,Biden,"",Virginia,2,0,0,,,Adjust for bounces & recent events,16:46:04  2 Nov 2020,40000
2020,President,polls-plus,11/2/2020,Trump,Biden,"",Virginia,1,42.27409,53.44634,,,Polling average,16:46:04  2 Nov 2020,40000
2020,President,polls-plus,11/2/2020,Trump,Biden,"",Virginia,10,.011175,.988825,,,Chance of winning,16:46:04  2 Nov 2020,40000
2020,President,polls-plus,11/2/2020,Trump,Biden,"",Vermont,9,29.29701,67.03147,,,Projected vote share,16:46:04  2 Nov 2020,40000
2020,President,polls-plus,11/2/2020,Trump,Biden,"",Vermont,8,33.02332,63.30516,,0,Blend with economic fundamentals,16:46:04  2 Nov 2020,40000
2020,President,polls-plus,11/2/2020,Trump,Biden,"",Vermont,7,29.29701,67.03147,,,Snapshot,16:46:04  2 Nov 2020,40000
2020,President,polls-plus,11/2/2020,Trump,Biden,"",Vermont,6,29.35105,66.97742,,.3785062,Blend with regression,16:46:04  2 Nov 2020,40000
2020,President,polls-plus,11/2/2020,Trump,Biden,"",Vermont,5,29.2641,67.06438,,,Reallocated vote share,16:46:04  2 Nov 2020,40000
2020,President,polls-plus,11/2/2020,Trump,Biden,"",Vermont,4,.9701214,.9701233,,,Reallocate undecideds and third-party votes,16:46:04  2 Nov 2020,40000
2020,President,polls-plus,11/2/2020,Trump,Biden,"",Vermont,3,28.29397,66.09425,,,Adjusted polling average,16:46:04  2 Nov 2020,40000
2020,President,polls-plus,11/2/2020,Trump,Biden,"",Vermont,2,0,0,,,Adjust for bounces & recent events,16:46:04  2 Nov 2020,40000
2020,President,polls-plus,11/2/2020,Trump,Biden,"",Vermont,1,28.29397,66.09425,,,Polling average,16:46:04  2 Nov 2020,40000
2020,President,polls-plus,11/2/2020,Trump,Biden,"",Vermont,10,.0047,.9953,,,Chance of winning,16:46:04  2 Nov 2020,40000
2020,President,polls-plus,11/2/2020,Trump,Biden,"",Utah,9,55.73844,41.44405,,,Projected vote share,16:46:04  2 Nov 2020,40000
2020,President,polls-plus,11/2/2020,Trump,Biden,"",Utah,8,59.79659,37.38591,,0,Blend with economic fundamentals,16:46:04  2 Nov 2020,40000
2020,President,polls-plus,11/2/2020,Trump,Biden,"",Utah,7,55.73844,41.44405,,,Snapshot,16:46:04  2 Nov 2020,40000
2020,President,polls-plus,11/2/2020,Trump,Biden,"",Utah,6,59.53867,37.64382,,.327334,Blend with regression,16:46:04  2 Nov 2020,40000
2020,President,polls-plus,11/2/2020,Trump,Biden,"",Utah,5,53.88916,43.29333,,,Reallocated vote share,16:46:04  2 Nov 2020,40000
2020,President,polls-plus,11/2/2020,Trump,Biden,"",Utah,4,1.683315,1.683315,,,Reallocate undecideds and third-party votes,16:46:04  2 Nov 2020,40000
2020,President,polls-plus,11/2/2020,Trump,Biden,"",Utah,3,52.20585,41.61001,,,Adjusted polling average,16:46:04  2 Nov 2020,40000
2020,President,polls-plus,11/2/2020,Trump,Biden,"",Utah,2,0,0,,,Adjust for bounces & recent events,16:46:04  2 Nov 2020,40000
2020,President,polls-plus,11/2/2020,Trump,Biden,"",Utah,1,52.20585,41.61001,,,Polling average,16:46:04  2 Nov 2020,40000
2020,President,polls-plus,11/2/2020,Trump,Biden,"",Utah,10,.958,.042,,,Chance of winning,16:46:04  2 Nov 2020,40000
2020,President,polls-plus,11/2/2020,Trump,Biden,"",Texas,9,50.2348,48.85974,,,Projected vote share,16:46:04  2 Nov 2020,40000
2020,President,polls-plus,11/2/2020,Trump,Biden,"",Texas,8,54.48206,44.61248,,0,Blend with economic fundamentals,16:46:04  2 Nov 2020,40000
2020,President,polls-plus,11/2/2020,Trump,Biden,"",Texas,7,50.2348,48.85974,,,Snapshot,16:46:04  2 Nov 2020,40000
2020,President,polls-plus,11/2/2020,Trump,Biden,"",Texas,6,52.65431,46.44023,,.0710052,Blend with regression,16:46:04  2 Nov 2020,40000
2020,President,polls-plus,11/2/2020,Trump,Biden,"",Texas,5,50.04987,49.04467,,,Reallocated vote share,16:46:04  2 Nov 2020,40000
2020,President,polls-plus,11/2/2020,Trump,Biden,"",Texas,4,1.57148,1.57148,,,Reallocate undecideds and third-party votes,16:46:04  2 Nov 2020,40000
2020,President,polls-plus,11/2/2020,Trump,Biden,"",Texas,3,48.47839,47.47319,,,Adjusted polling average,16:46:04  2 Nov 2020,40000
2020,President,polls-plus,11/2/2020,Trump,Biden,"",Texas,2,0,0,,,Adjust for bounces & recent events,16:46:04  2 Nov 2020,40000
2020,President,polls-plus,11/2/2020,Trump,Biden,"",Texas,1,48.47839,47.47319,,,Polling average,16:46:04  2 Nov 2020,40000
2020,President,polls-plus,11/2/2020,Trump,Biden,"",Texas,10,.608025,.391975,,,Chance of winning,16:46:04  2 Nov 2020,40000
2020,President,polls-plus,11/2/2020,Trump,Biden,"",Tennessee,9,57.45394,41.33192,,,Projected vote share,16:46:04  2 Nov 2020,40000
2020,President,polls-plus,11/2/2020,Trump,Biden,"",Tennessee,8,61.55792,37.22794,,0,Blend with economic fundamentals,16:46:04  2 Nov 2020,40000
2020,President,polls-plus,11/2/2020,Trump,Biden,"",Tennessee,7,57.45394,41.33192,,,Snapshot,16:46:04  2 Nov 2020,40000
2020,President,polls-plus,11/2/2020,Trump,Biden,"",Tennessee,6,58.77456,40.0113,,.5579534,Blend with regression,16:46:04  2 Nov 2020,40000
2020,President,polls-plus,11/2/2020,Trump,Biden,"",Tennessee,5,55.78705,42.99881,,,Reallocated vote share,16:46:04  2 Nov 2020,40000
2020,President,polls-plus,11/2/2020,Trump,Biden,"",Tennessee,4,1.693779,1.693779,,,Reallocate undecideds and third-party votes,16:46:04  2 Nov 2020,40000
2020,President,polls-plus,11/2/2020,Trump,Biden,"",Tennessee,3,54.09327,41.30503,,,Adjusted polling average,16:46:04  2 Nov 2020,40000
2020,President,polls-plus,11/2/2020,Trump,Biden,"",Tennessee,2,-.0694847,.0289116,,,Adjust for bounces & recent events,16:46:04  2 Nov 2020,40000
2020,President,polls-plus,11/2/2020,Trump,Biden,"",Tennessee,1,54.16275,41.27612,,,Polling average,16:46:04  2 Nov 2020,40000
2020,President,polls-plus,11/2/2020,Trump,Biden,"",Tennessee,10,.970375,.029625,,,Chance of winning,16:46:04  2 Nov 2020,40000
2020,President,polls-plus,11/2/2020,Trump,Biden,"",South Dakota,9,57.71349,40.88309,,,Projected vote share,16:46:04  2 Nov 2020,40000
2020,President,polls-plus,11/2/2020,Trump,Biden,"",South Dakota,8,61.79921,36.79737,,0,Blend with economic fundamentals,16:46:04  2 Nov 2020,40000
2020,President,polls-plus,11/2/2020,Trump,Biden,"",South Dakota,7,57.71349,40.88309,,,Snapshot,16:46:04  2 Nov 2020,40000
2020,President,polls-plus,11/2/2020,Trump,Biden,"",South Dakota,6,59.20442,39.39215,,.3666131,Blend with regression,16:46:04  2 Nov 2020,40000
2020,President,polls-plus,11/2/2020,Trump,Biden,"",South Dakota,5,56.85052,41.74606,,,Reallocated vote share,16:46:04  2 Nov 2020,40000
2020,President,polls-plus,11/2/2020,Trump,Biden,"",South Dakota,4,2.837021,2.837021,,,Reallocate undecideds and third-party votes,16:46:04  2 Nov 2020,40000
2020,President,polls-plus,11/2/2020,Trump,Biden,"",South Dakota,3,54.0135,38.90904,,,Adjusted polling average,16:46:04  2 Nov 2020,40000
2020,President,polls-plus,11/2/2020,Trump,Biden,"",South Dakota,2,0,0,,,Adjust for bounces & recent events,16:46:04  2 Nov 2020,40000
2020,President,polls-plus,11/2/2020,Trump,Biden,"",South Dakota,1,54.0135,38.90904,,,Polling average,16:46:04  2 Nov 2020,40000
2020,President,polls-plus,11/2/2020,Trump,Biden,"",South Dakota,10,.94565,.05435,,,Chance of winning,16:46:04  2 Nov 2020,40000
2020,President,polls-plus,11/2/2020,Trump,Biden,"",South Carolina,9,53.55141,45.6815,,,Projected vote share,16:46:04  2 Nov 2020,40000
2020,President,polls-plus,11/2/2020,Trump,Biden,"",South Carolina,8,57.76555,41.46736,,0,Blend with economic fundamentals,16:46:04  2 Nov 2020,40000
2020,President,polls-plus,11/2/2020,Trump,Biden,"",South Carolina,7,53.55141,45.6815,,,Snapshot,16:46:04  2 Nov 2020,40000
2020,President,polls-plus,11/2/2020,Trump,Biden,"",South Carolina,6,54.12136,45.11155,,.2438035,Blend with regression,16:46:04  2 Nov 2020,40000
2020,President,polls-plus,11/2/2020,Trump,Biden,"",South Carolina,5,53.36766,45.86525,,,Reallocated vote share,16:46:04  2 Nov 2020,40000
2020,President,polls-plus,11/2/2020,Trump,Biden,"",South Carolina,4,2.142353,2.142353,,,Reallocate undecideds and third-party votes,16:46:04  2 Nov 2020,40000
2020,President,polls-plus,11/2/2020,Trump,Biden,"",South Carolina,3,51.2253,43.7229,,,Adjusted polling average,16:46:04  2 Nov 2020,40000
2020,President,polls-plus,11/2/2020,Trump,Biden,"",South Carolina,2,0,0,,,Adjust for bounces & recent events,16:46:04  2 Nov 2020,40000
2020,President,polls-plus,11/2/2020,Trump,Biden,"",South Carolina,1,51.2253,43.7229,,,Polling average,16:46:04  2 Nov 2020,40000
2020,President,polls-plus,11/2/2020,Trump,Biden,"",South Carolina,10,.908775,.091225,,,Chance of winning,16:46:04  2 Nov 2020,40000
2020,President,polls-plus,11/2/2020,Trump,Biden,"",Rhode Island,9,35.68668,62.93114,,,Projected vote share,16:46:04  2 Nov 2020,40000
2020,President,polls-plus,11/2/2020,Trump,Biden,"",Rhode Island,8,39.73845,58.87936,,0,Blend with economic fundamentals,16:46:04  2 Nov 2020,40000
2020,President,polls-plus,11/2/2020,Trump,Biden,"",Rhode Island,7,35.68668,62.93114,,,Snapshot,16:46:04  2 Nov 2020,40000
2020,President,polls-plus,11/2/2020,Trump,Biden,"",Rhode Island,6,36.53405,62.08376,,.6480612,Blend with regression,16:46:04  2 Nov 2020,40000
2020,President,polls-plus,11/2/2020,Trump,Biden,"",Rhode Island,5,34.12632,64.4915,,,Reallocated vote share,16:46:04  2 Nov 2020,40000
2020,President,polls-plus,11/2/2020,Trump,Biden,"",Rhode Island,4,1.593716,1.593719,,,Reallocate undecideds and third-party votes,16:46:04  2 Nov 2020,40000
2020,President,polls-plus,11/2/2020,Trump,Biden,"",Rhode Island,3,32.5326,62.89778,,,Adjusted polling average,16:46:04  2 Nov 2020,40000
2020,President,polls-plus,11/2/2020,Trump,Biden,"",Rhode Island,2,0,0,,,Adjust for bounces & recent events,16:46:04  2 Nov 2020,40000
2020,President,polls-plus,11/2/2020,Trump,Biden,"",Rhode Island,1,32.5326,62.89778,,,Polling average,16:46:04  2 Nov 2020,40000
2020,President,polls-plus,11/2/2020,Trump,Biden,"",Rhode Island,10,.000775,.999225,,,Chance of winning,16:46:04  2 Nov 2020,40000
2020,President,polls-plus,11/2/2020,Trump,Biden,"",Pennsylvania,9,47.25228,52.05022,,,Projected vote share,16:46:04  2 Nov 2020,40000
2020,President,polls-plus,11/2/2020,Trump,Biden,"",Pennsylvania,8,51.51917,47.78333,,0,Blend with economic fundamentals,16:46:04  2 Nov 2020,40000
2020,President,polls-plus,11/2/2020,Trump,Biden,"",Pennsylvania,7,47.25228,52.05022,,,Snapshot,16:46:04  2 Nov 2020,40000
2020,President,polls-plus,11/2/2020,Trump,Biden,"",Pennsylvania,6,45.88765,53.41485,,.0097815,Blend with regression,16:46:04  2 Nov 2020,40000
2020,President,polls-plus,11/2/2020,Trump,Biden,"",Pennsylvania,5,47.26576,52.03674,,,Reallocated vote share,16:46:04  2 Nov 2020,40000
2020,President,polls-plus,11/2/2020,Trump,Biden,"",Pennsylvania,4,1.834282,1.834286,,,Reallocate undecideds and third-party votes,16:46:04  2 Nov 2020,40000
2020,President,polls-plus,11/2/2020,Trump,Biden,"",Pennsylvania,3,45.43148,50.20245,,,Adjusted polling average,16:46:04  2 Nov 2020,40000
2020,President,polls-plus,11/2/2020,Trump,Biden,"",Pennsylvania,2,0,0,,,Adjust for bounces & recent events,16:46:04  2 Nov 2020,40000
2020,President,polls-plus,11/2/2020,Trump,Biden,"",Pennsylvania,1,45.43148,50.20245,,,Polling average,16:46:04  2 Nov 2020,40000
2020,President,polls-plus,11/2/2020,Trump,Biden,"",Pennsylvania,10,.150525,.849475,,,Chance of winning,16:46:04  2 Nov 2020,40000
2020,President,polls-plus,11/2/2020,Trump,Biden,"",Oregon,9,39.78575,58.16964,,,Projected vote share,16:46:04  2 Nov 2020,40000
2020,President,polls-plus,11/2/2020,Trump,Biden,"",Oregon,8,43.92461,54.03078,,0,Blend with economic fundamentals,16:46:04  2 Nov 2020,40000
2020,President,polls-plus,11/2/2020,Trump,Biden,"",Oregon,7,39.78575,58.16964,,,Snapshot,16:46:04  2 Nov 2020,40000
2020,President,polls-plus,11/2/2020,Trump,Biden,"",Oregon,6,40.82886,57.12653,,.3666815,Blend with regression,16:46:04  2 Nov 2020,40000
2020,President,polls-plus,11/2/2020,Trump,Biden,"",Oregon,5,39.18181,58.77358,,,Reallocated vote share,16:46:04  2 Nov 2020,40000
2020,President,polls-plus,11/2/2020,Trump,Biden,"",Oregon,4,1.213863,1.213867,,,Reallocate undecideds and third-party votes,16:46:04  2 Nov 2020,40000
2020,President,polls-plus,11/2/2020,Trump,Biden,"",Oregon,3,37.96795,57.55971,,,Adjusted polling average,16:46:04  2 Nov 2020,40000
2020,President,polls-plus,11/2/2020,Trump,Biden,"",Oregon,2,0,0,,,Adjust for bounces & recent events,16:46:04  2 Nov 2020,40000
2020,President,polls-plus,11/2/2020,Trump,Biden,"",Oregon,1,37.96795,57.55971,,,Polling average,16:46:04  2 Nov 2020,40000
2020,President,polls-plus,11/2/2020,Trump,Biden,"",Oregon,10,.022675,.977325,,,Chance of winning,16:46:04  2 Nov 2020,40000
2020,President,polls-plus,11/2/2020,Trump,Biden,"",Oklahoma,9,62.05793,36.88075,,,Projected vote share,16:46:04  2 Nov 2020,40000
2020,President,polls-plus,11/2/2020,Trump,Biden,"",Oklahoma,8,66.01579,32.92289,,0,Blend with economic fundamentals,16:46:04  2 Nov 2020,40000
2020,President,polls-plus,11/2/2020,Trump,Biden,"",Oklahoma,7,62.05792,36.88076,,,Snapshot,16:46:04  2 Nov 2020,40000
2020,President,polls-plus,11/2/2020,Trump,Biden,"",Oklahoma,6,64.60565,34.33303,,.3081486,Blend with regression,16:46:04  2 Nov 2020,40000
2020,President,polls-plus,11/2/2020,Trump,Biden,"",Oklahoma,5,60.92317,38.01551,,,Reallocated vote share,16:46:04  2 Nov 2020,40000
2020,President,polls-plus,11/2/2020,Trump,Biden,"",Oklahoma,4,1.835545,1.835545,,,Reallocate undecideds and third-party votes,16:46:04  2 Nov 2020,40000
2020,President,polls-plus,11/2/2020,Trump,Biden,"",Oklahoma,3,59.08763,36.17996,,,Adjusted polling average,16:46:04  2 Nov 2020,40000
2020,President,polls-plus,11/2/2020,Trump,Biden,"",Oklahoma,2,0,0,,,Adjust for bounces & recent events,16:46:04  2 Nov 2020,40000
2020,President,polls-plus,11/2/2020,Trump,Biden,"",Oklahoma,1,59.08763,36.17996,,,Polling average,16:46:04  2 Nov 2020,40000
2020,President,polls-plus,11/2/2020,Trump,Biden,"",Oklahoma,10,.993975,.006025,,,Chance of winning,16:46:04  2 Nov 2020,40000
2020,President,polls-plus,11/2/2020,Trump,Biden,"",Ohio,9,49.73259,49.26207,,,Projected vote share,16:46:04  2 Nov 2020,40000
2020,President,polls-plus,11/2/2020,Trump,Biden,"",Ohio,8,53.97874,45.01591,,0,Blend with economic fundamentals,16:46:04  2 Nov 2020,40000
2020,President,polls-plus,11/2/2020,Trump,Biden,"",Ohio,7,49.73259,49.26207,,,Snapshot,16:46:04  2 Nov 2020,40000
2020,President,polls-plus,11/2/2020,Trump,Biden,"",Ohio,6,48.63512,50.35952,,.0734673,Blend with regression,16:46:04  2 Nov 2020,40000
2020,President,polls-plus,11/2/2020,Trump,Biden,"",Ohio,5,49.81961,49.17504,,,Reallocated vote share,16:46:04  2 Nov 2020,40000
2020,President,polls-plus,11/2/2020,Trump,Biden,"",Ohio,4,2.420639,2.420635,,,Reallocate undecideds and third-party votes,16:46:04  2 Nov 2020,40000
2020,President,polls-plus,11/2/2020,Trump,Biden,"",Ohio,3,47.39897,46.75441,,,Adjusted polling average,16:46:04  2 Nov 2020,40000
2020,President,polls-plus,11/2/2020,Trump,Biden,"",Ohio,2,0,0,,,Adjust for bounces & recent events,16:46:04  2 Nov 2020,40000
2020,President,polls-plus,11/2/2020,Trump,Biden,"",Ohio,1,47.39897,46.75441,,,Polling average,16:46:04  2 Nov 2020,40000
2020,President,polls-plus,11/2/2020,Trump,Biden,"",Ohio,10,.5367,.4633,,,Chance of winning,16:46:04  2 Nov 2020,40000
2020,President,polls-plus,11/2/2020,Trump,Biden,"",North Dakota,9,59.66889,37.93558,,,Projected vote share,16:46:04  2 Nov 2020,40000
2020,President,polls-plus,11/2/2020,Trump,Biden,"",North Dakota,8,63.63203,33.97243,,0,Blend with economic fundamentals,16:46:04  2 Nov 2020,40000
2020,President,polls-plus,11/2/2020,Trump,Biden,"",North Dakota,7,59.66889,37.93558,,,Snapshot,16:46:04  2 Nov 2020,40000
2020,President,polls-plus,11/2/2020,Trump,Biden,"",North Dakota,6,62.87744,34.72703,,.4074913,Blend with regression,16:46:04  2 Nov 2020,40000
2020,President,polls-plus,11/2/2020,Trump,Biden,"",North Dakota,5,57.46224,40.14223,,,Reallocated vote share,16:46:04  2 Nov 2020,40000
2020,President,polls-plus,11/2/2020,Trump,Biden,"",North Dakota,4,1.269821,1.269821,,,Reallocate undecideds and third-party votes,16:46:04  2 Nov 2020,40000
2020,President,polls-plus,11/2/2020,Trump,Biden,"",North Dakota,3,56.19242,38.87241,,,Adjusted polling average,16:46:04  2 Nov 2020,40000
2020,President,polls-plus,11/2/2020,Trump,Biden,"",North Dakota,2,0,0,,,Adjust for bounces & recent events,16:46:04  2 Nov 2020,40000
2020,President,polls-plus,11/2/2020,Trump,Biden,"",North Dakota,1,56.19242,38.87241,,,Polling average,16:46:04  2 Nov 2020,40000
2020,President,polls-plus,11/2/2020,Trump,Biden,"",North Dakota,10,.97695,.02305,,,Chance of winning,16:46:04  2 Nov 2020,40000
2020,President,polls-plus,11/2/2020,Trump,Biden,"",North Carolina,9,48.7228,50.57544,,,Projected vote share,16:46:04  2 Nov 2020,40000
2020,President,polls-plus,11/2/2020,Trump,Biden,"",North Carolina,8,52.98762,46.31062,,0,Blend with economic fundamentals,16:46:04  2 Nov 2020,40000
2020,President,polls-plus,11/2/2020,Trump,Biden,"",North Carolina,7,48.7228,50.57544,,,Snapshot,16:46:04  2 Nov 2020,40000
2020,President,polls-plus,11/2/2020,Trump,Biden,"",North Carolina,6,48.77517,50.52306,,.0154482,Blend with regression,16:46:04  2 Nov 2020,40000
2020,President,polls-plus,11/2/2020,Trump,Biden,"",North Carolina,5,48.72198,50.57626,,,Reallocated vote share,16:46:04  2 Nov 2020,40000
2020,President,polls-plus,11/2/2020,Trump,Biden,"",North Carolina,4,1.716827,1.716827,,,Reallocate undecideds and third-party votes,16:46:04  2 Nov 2020,40000
2020,President,polls-plus,11/2/2020,Trump,Biden,"",North Carolina,3,47.00515,48.85944,,,Adjusted polling average,16:46:04  2 Nov 2020,40000
2020,President,polls-plus,11/2/2020,Trump,Biden,"",North Carolina,2,0,0,,,Adjust for bounces & recent events,16:46:04  2 Nov 2020,40000
2020,President,polls-plus,11/2/2020,Trump,Biden,"",North Carolina,1,47.00515,48.85944,,,Polling average,16:46:04  2 Nov 2020,40000
2020,President,polls-plus,11/2/2020,Trump,Biden,"",North Carolina,10,.35455,.64545,,,Chance of winning,16:46:04  2 Nov 2020,40000
2020,President,polls-plus,11/2/2020,Trump,Biden,"",New York,9,34.96347,64.0559,,,Projected vote share,16:46:04  2 Nov 2020,40000
2020,President,polls-plus,11/2/2020,Trump,Biden,"",New York,8,39.00212,60.01726,,0,Blend with economic fundamentals,16:46:04  2 Nov 2020,40000
2020,President,polls-plus,11/2/2020,Trump,Biden,"",New York,7,34.96347,64.0559,,,Snapshot,16:46:04  2 Nov 2020,40000
2020,President,polls-plus,11/2/2020,Trump,Biden,"",New York,6,35.09461,63.92476,,.3490376,Blend with regression,16:46:04  2 Nov 2020,40000
2020,President,polls-plus,11/2/2020,Trump,Biden,"",New York,5,34.89316,64.12621,,,Reallocated vote share,16:46:04  2 Nov 2020,40000
2020,President,polls-plus,11/2/2020,Trump,Biden,"",New York,4,1.889778,1.889778,,,Reallocate undecideds and third-party votes,16:46:04  2 Nov 2020,40000
2020,President,polls-plus,11/2/2020,Trump,Biden,"",New York,3,33.00338,62.23643,,,Adjusted polling average,16:46:04  2 Nov 2020,40000
2020,President,polls-plus,11/2/2020,Trump,Biden,"",New York,2,.046627,-.1146469,,,Adjust for bounces & recent events,16:46:04  2 Nov 2020,40000
2020,President,polls-plus,11/2/2020,Trump,Biden,"",New York,1,32.95675,62.35108,,,Polling average,16:46:04  2 Nov 2020,40000
2020,President,polls-plus,11/2/2020,Trump,Biden,"",New York,10,.000075,.999925,,,Chance of winning,16:46:04  2 Nov 2020,40000
2020,President,polls-plus,11/2/2020,Trump,Biden,"",New Mexico,9,42.66888,55.52372,,,Projected vote share,16:46:04  2 Nov 2020,40000
2020,President,polls-plus,11/2/2020,Trump,Biden,"",New Mexico,8,46.86231,51.33029,,0,Blend with economic fundamentals,16:46:04  2 Nov 2020,40000
2020,President,polls-plus,11/2/2020,Trump,Biden,"",New Mexico,7,42.66888,55.52372,,,Snapshot,16:46:04  2 Nov 2020,40000
2020,President,polls-plus,11/2/2020,Trump,Biden,"",New Mexico,6,41.1116,57.081,,.2966141,Blend with regression,16:46:04  2 Nov 2020,40000
2020,President,polls-plus,11/2/2020,Trump,Biden,"",New Mexico,5,43.32558,54.86703,,,Reallocated vote share,16:46:04  2 Nov 2020,40000
2020,President,polls-plus,11/2/2020,Trump,Biden,"",New Mexico,4,1.157894,1.157894,,,Reallocate undecideds and third-party votes,16:46:04  2 Nov 2020,40000
2020,President,polls-plus,11/2/2020,Trump,Biden,"",New Mexico,3,42.16768,53.70914,,,Adjusted polling average,16:46:04  2 Nov 2020,40000
2020,President,polls-plus,11/2/2020,Trump,Biden,"",New Mexico,2,-.0638924,.0273247,,,Adjust for bounces & recent events,16:46:04  2 Nov 2020,40000
2020,President,polls-plus,11/2/2020,Trump,Biden,"",New Mexico,1,42.23158,53.68181,,,Polling average,16:46:04  2 Nov 2020,40000
2020,President,polls-plus,11/2/2020,Trump,Biden,"",New Mexico,10,.023975,.976025,,,Chance of winning,16:46:04  2 Nov 2020,40000
2020,President,polls-plus,11/2/2020,Trump,Biden,"",New Jersey,9,39.2444,59.93284,,,Projected vote share,16:46:04  2 Nov 2020,40000
2020,President,polls-plus,11/2/2020,Trump,Biden,"",New Jersey,8,43.41261,55.76463,,0,Blend with economic fundamentals,16:46:04  2 Nov 2020,40000
2020,President,polls-plus,11/2/2020,Trump,Biden,"",New Jersey,7,39.2444,59.93284,,,Snapshot,16:46:04  2 Nov 2020,40000
2020,President,polls-plus,11/2/2020,Trump,Biden,"",New Jersey,6,39.52383,59.6534,,.2744403,Blend with regression,16:46:04  2 Nov 2020,40000
2020,President,polls-plus,11/2/2020,Trump,Biden,"",New Jersey,5,39.13871,60.03853,,,Reallocated vote share,16:46:04  2 Nov 2020,40000
2020,President,polls-plus,11/2/2020,Trump,Biden,"",New Jersey,4,1.474556,1.47456,,,Reallocate undecideds and third-party votes,16:46:04  2 Nov 2020,40000
2020,President,polls-plus,11/2/2020,Trump,Biden,"",New Jersey,3,37.66415,58.56397,,,Adjusted polling average,16:46:04  2 Nov 2020,40000
2020,President,polls-plus,11/2/2020,Trump,Biden,"",New Jersey,2,0,0,,,Adjust for bounces & recent events,16:46:04  2 Nov 2020,40000
2020,President,polls-plus,11/2/2020,Trump,Biden,"",New Jersey,1,37.66415,58.56397,,,Polling average,16:46:04  2 Nov 2020,40000
2020,President,polls-plus,11/2/2020,Trump,Biden,"",New Jersey,10,.007725,.992275,,,Chance of winning,16:46:04  2 Nov 2020,40000
2020,President,polls-plus,11/2/2020,Trump,Biden,"",New Hampshire,9,44.26395,54.77731,,,Projected vote share,16:46:04  2 Nov 2020,40000
2020,President,polls-plus,11/2/2020,Trump,Biden,"",New Hampshire,8,48.50628,50.53499,,0,Blend with economic fundamentals,16:46:04  2 Nov 2020,40000
2020,President,polls-plus,11/2/2020,Trump,Biden,"",New Hampshire,7,44.26395,54.77731,,,Snapshot,16:46:04  2 Nov 2020,40000
2020,President,polls-plus,11/2/2020,Trump,Biden,"",New Hampshire,6,44.91448,54.12679,,.2345126,Blend with regression,16:46:04  2 Nov 2020,40000
2020,President,polls-plus,11/2/2020,Trump,Biden,"",New Hampshire,5,44.06466,54.97661,,,Reallocated vote share,16:46:04  2 Nov 2020,40000
2020,President,polls-plus,11/2/2020,Trump,Biden,"",New Hampshire,4,1.203735,1.203732,,,Reallocate undecideds and third-party votes,16:46:04  2 Nov 2020,40000
2020,President,polls-plus,11/2/2020,Trump,Biden,"",New Hampshire,3,42.86092,53.77288,,,Adjusted polling average,16:46:04  2 Nov 2020,40000
2020,President,polls-plus,11/2/2020,Trump,Biden,"",New Hampshire,2,0,0,,,Adjust for bounces & recent events,16:46:04  2 Nov 2020,40000
2020,President,polls-plus,11/2/2020,Trump,Biden,"",New Hampshire,1,42.86092,53.77288,,,Polling average,16:46:04  2 Nov 2020,40000
2020,President,polls-plus,11/2/2020,Trump,Biden,"",New Hampshire,10,.11275,.88725,,,Chance of winning,16:46:04  2 Nov 2020,40000
2020,President,polls-plus,11/2/2020,Trump,Biden,"",Nevada,9,46.28863,52.2601,,,Projected vote share,16:46:04  2 Nov 2020,40000
2020,President,polls-plus,11/2/2020,Trump,Biden,"",Nevada,8,50.52219,48.02654,,0,Blend with economic fundamentals,16:46:04  2 Nov 2020,40000
2020,President,polls-plus,11/2/2020,Trump,Biden,"",Nevada,7,46.28863,52.2601,,,Snapshot,16:46:04  2 Nov 2020,40000
2020,President,polls-plus,11/2/2020,Trump,Biden,"",Nevada,6,43.93204,54.61669,,.186984,Blend with regression,16:46:04  2 Nov 2020,40000
2020,President,polls-plus,11/2/2020,Trump,Biden,"",Nevada,5,46.83062,51.71812,,,Reallocated vote share,16:46:04  2 Nov 2020,40000
2020,President,polls-plus,11/2/2020,Trump,Biden,"",Nevada,4,2.35107,2.35107,,,Reallocate undecideds and third-party votes,16:46:04  2 Nov 2020,40000
2020,President,polls-plus,11/2/2020,Trump,Biden,"",Nevada,3,44.47955,49.36705,,,Adjusted polling average,16:46:04  2 Nov 2020,40000
2020,President,polls-plus,11/2/2020,Trump,Biden,"",Nevada,2,0,0,,,Adjust for bounces & recent events,16:46:04  2 Nov 2020,40000
2020,President,polls-plus,11/2/2020,Trump,Biden,"",Nevada,1,44.47955,49.36705,,,Polling average,16:46:04  2 Nov 2020,40000
2020,President,polls-plus,11/2/2020,Trump,Biden,"",Nevada,10,.1296,.8704,,,Chance of winning,16:46:04  2 Nov 2020,40000
2020,President,polls-plus,11/2/2020,Trump,Biden,"",Nebraska,9,58.07876,40.28757,,,Projected vote share,16:46:04  2 Nov 2020,40000
2020,President,polls-plus,11/2/2020,Trump,Biden,"",Nebraska,8,62.14029,36.22604,,0,Blend with economic fundamentals,16:46:04  2 Nov 2020,40000
2020,President,polls-plus,11/2/2020,Trump,Biden,"",Nebraska,7,58.09119,40.29618,,,Snapshot,16:46:04  2 Nov 2020,40000
2020,President,polls-plus,11/2/2020,Trump,Biden,"",Nebraska,6,58.83482,39.55256,,.5991559,Blend with regression,16:46:04  2 Nov 2020,40000
2020,President,polls-plus,11/2/2020,Trump,Biden,"",Nebraska,5,54.1223,44.26508,,,Reallocated vote share,16:46:04  2 Nov 2020,40000
2020,President,polls-plus,11/2/2020,Trump,Biden,"",Nebraska,4,1.630592,1.630592,,,Reallocate undecideds and third-party votes,16:46:04  2 Nov 2020,40000
2020,President,polls-plus,11/2/2020,Trump,Biden,"",Nebraska,3,52.4917,42.63449,,,Adjusted polling average,16:46:04  2 Nov 2020,40000
2020,President,polls-plus,11/2/2020,Trump,Biden,"",Nebraska,2,0,0,,,Adjust for bounces & recent events,16:46:04  2 Nov 2020,40000
2020,President,polls-plus,11/2/2020,Trump,Biden,"",Nebraska,1,52.4917,42.63449,,,Polling average,16:46:04  2 Nov 2020,40000
2020,President,polls-plus,11/2/2020,Trump,Biden,"",Nebraska,10,.994025,.005975,,,Chance of winning,16:46:04  2 Nov 2020,40000
2020,President,polls-plus,11/2/2020,Trump,Biden,"",NE-3,9,72.40439,25.50645,,,Projected vote share,16:46:04  2 Nov 2020,40000
2020,President,polls-plus,11/2/2020,Trump,Biden,"",NE-3,8,75.70812,22.20272,,0,Blend with economic fundamentals,16:46:04  2 Nov 2020,40000
2020,President,polls-plus,11/2/2020,Trump,Biden,"",NE-3,7,72.40439,25.50645,,,Snapshot,16:46:04  2 Nov 2020,40000
2020,President,polls-plus,11/2/2020,Trump,Biden,"",NE-3,6,72.40439,25.50645,,1,Blend with regression,16:46:04  2 Nov 2020,40000
2020,President,polls-plus,11/2/2020,Trump,Biden,"",NE-3,5,,,,,Reallocated vote share,16:46:04  2 Nov 2020,40000
2020,President,polls-plus,11/2/2020,Trump,Biden,"",NE-3,4,,,,,Reallocate undecideds and third-party votes,16:46:04  2 Nov 2020,40000
2020,President,polls-plus,11/2/2020,Trump,Biden,"",NE-3,3,,,,,Adjusted polling average,16:46:04  2 Nov 2020,40000
2020,President,polls-plus,11/2/2020,Trump,Biden,"",NE-3,2,,,,,Adjust for bounces & recent events,16:46:04  2 Nov 2020,40000
2020,President,polls-plus,11/2/2020,Trump,Biden,"",NE-3,1,,,,,Polling average,16:46:04  2 Nov 2020,40000
2020,President,polls-plus,11/2/2020,Trump,Biden,"",NE-3,10,.9998,.0002,,,Chance of winning,16:46:04  2 Nov 2020,40000
2020,President,polls-plus,11/2/2020,Trump,Biden,"",NE-2,9,47.52244,51.23933,,,Projected vote share,16:46:04  2 Nov 2020,40000
2020,President,polls-plus,11/2/2020,Trump,Biden,"",NE-2,8,51.76609,46.99568,,0,Blend with economic fundamentals,16:46:04  2 Nov 2020,40000
2020,President,polls-plus,11/2/2020,Trump,Biden,"",NE-2,7,47.52244,51.23933,,,Snapshot,16:46:04  2 Nov 2020,40000
2020,President,polls-plus,11/2/2020,Trump,Biden,"",NE-2,6,48.40587,50.3559,,.3076608,Blend with regression,16:46:04  2 Nov 2020,40000
2020,President,polls-plus,11/2/2020,Trump,Biden,"",NE-2,5,47.12986,51.63191,,,Reallocated vote share,16:46:04  2 Nov 2020,40000
2020,President,polls-plus,11/2/2020,Trump,Biden,"",NE-2,4,1.451637,1.451637,,,Reallocate undecideds and third-party votes,16:46:04  2 Nov 2020,40000
2020,President,polls-plus,11/2/2020,Trump,Biden,"",NE-2,3,45.67823,50.18027,,,Adjusted polling average,16:46:04  2 Nov 2020,40000
2020,President,polls-plus,11/2/2020,Trump,Biden,"",NE-2,2,0,0,,,Adjust for bounces & recent events,16:46:04  2 Nov 2020,40000
2020,President,polls-plus,11/2/2020,Trump,Biden,"",NE-2,1,45.67823,50.18027,,,Polling average,16:46:04  2 Nov 2020,40000
2020,President,polls-plus,11/2/2020,Trump,Biden,"",NE-2,10,.2541,.7459,,,Chance of winning,16:46:04  2 Nov 2020,40000
2020,President,polls-plus,11/2/2020,Trump,Biden,"",NE-1,9,55.23626,43.15822,,,Projected vote share,16:46:04  2 Nov 2020,40000
2020,President,polls-plus,11/2/2020,Trump,Biden,"",NE-1,8,59.37355,39.02094,,0,Blend with economic fundamentals,16:46:04  2 Nov 2020,40000
2020,President,polls-plus,11/2/2020,Trump,Biden,"",NE-1,7,55.23627,43.15822,,,Snapshot,16:46:04  2 Nov 2020,40000
2020,President,polls-plus,11/2/2020,Trump,Biden,"",NE-1,6,56.65755,41.73693,,.7278288,Blend with regression,16:46:04  2 Nov 2020,40000
2020,President,polls-plus,11/2/2020,Trump,Biden,"",NE-1,5,51.43553,46.95896,,,Reallocated vote share,16:46:04  2 Nov 2020,40000
2020,President,polls-plus,11/2/2020,Trump,Biden,"",NE-1,4,1.093098,1.093102,,,Reallocate undecideds and third-party votes,16:46:04  2 Nov 2020,40000
2020,President,polls-plus,11/2/2020,Trump,Biden,"",NE-1,3,50.34243,45.86586,,,Adjusted polling average,16:46:04  2 Nov 2020,40000
2020,President,polls-plus,11/2/2020,Trump,Biden,"",NE-1,2,-.3313866,.1393852,,,Adjust for bounces & recent events,16:46:04  2 Nov 2020,40000
2020,President,polls-plus,11/2/2020,Trump,Biden,"",NE-1,1,50.67382,45.72647,,,Polling average,16:46:04  2 Nov 2020,40000
2020,President,polls-plus,11/2/2020,Trump,Biden,"",NE-1,10,.95945,.04055,,,Chance of winning,16:46:04  2 Nov 2020,40000
2020,President,polls-plus,11/2/2020,Trump,Biden,"",Montana,9,52.62534,45.48021,,,Projected vote share,16:46:04  2 Nov 2020,40000
2020,President,polls-plus,11/2/2020,Trump,Biden,"",Montana,8,56.79668,41.30888,,0,Blend with economic fundamentals,16:46:04  2 Nov 2020,40000
2020,President,polls-plus,11/2/2020,Trump,Biden,"",Montana,7,52.62534,45.48021,,,Snapshot,16:46:04  2 Nov 2020,40000
2020,President,polls-plus,11/2/2020,Trump,Biden,"",Montana,6,55.70089,42.40466,,.2753649,Blend with regression,16:46:04  2 Nov 2020,40000
2020,President,polls-plus,11/2/2020,Trump,Biden,"",Montana,5,51.45662,46.64893,,,Reallocated vote share,16:46:04  2 Nov 2020,40000
2020,President,polls-plus,11/2/2020,Trump,Biden,"",Montana,4,1.36816,1.368156,,,Reallocate undecideds and third-party votes,16:46:04  2 Nov 2020,40000
2020,President,polls-plus,11/2/2020,Trump,Biden,"",Montana,3,50.08846,45.28078,,,Adjusted polling average,16:46:04  2 Nov 2020,40000
2020,President,polls-plus,11/2/2020,Trump,Biden,"",Montana,2,-.0839462,.0352631,,,Adjust for bounces & recent events,16:46:04  2 Nov 2020,40000
2020,President,polls-plus,11/2/2020,Trump,Biden,"",Montana,1,50.17241,45.24551,,,Polling average,16:46:04  2 Nov 2020,40000
2020,President,polls-plus,11/2/2020,Trump,Biden,"",Montana,10,.8467,.1533,,,Chance of winning,16:46:04  2 Nov 2020,40000
2020,President,polls-plus,11/2/2020,Trump,Biden,"",Missouri,9,53.83554,44.85202,,,Projected vote share,16:46:04  2 Nov 2020,40000
2020,President,polls-plus,11/2/2020,Trump,Biden,"",Missouri,8,58.01657,40.67098,,0,Blend with economic fundamentals,16:46:04  2 Nov 2020,40000
2020,President,polls-plus,11/2/2020,Trump,Biden,"",Missouri,7,53.83554,44.85202,,,Snapshot,16:46:04  2 Nov 2020,40000
2020,President,polls-plus,11/2/2020,Trump,Biden,"",Missouri,6,55.66966,43.01789,,.301219,Blend with regression,16:46:04  2 Nov 2020,40000
2020,President,polls-plus,11/2/2020,Trump,Biden,"",Missouri,5,53.04491,45.64264,,,Reallocated vote share,16:46:04  2 Nov 2020,40000
2020,President,polls-plus,11/2/2020,Trump,Biden,"",Missouri,4,2.011951,2.011951,,,Reallocate undecideds and third-party votes,16:46:04  2 Nov 2020,40000
2020,President,polls-plus,11/2/2020,Trump,Biden,"",Missouri,3,51.03296,43.63069,,,Adjusted polling average,16:46:04  2 Nov 2020,40000
2020,President,polls-plus,11/2/2020,Trump,Biden,"",Missouri,2,-.0520096,-.0357208,,,Adjust for bounces & recent events,16:46:04  2 Nov 2020,40000
2020,President,polls-plus,11/2/2020,Trump,Biden,"",Missouri,1,51.08497,43.66641,,,Polling average,16:46:04  2 Nov 2020,40000
2020,President,polls-plus,11/2/2020,Trump,Biden,"",Missouri,10,.929425,.070575,,,Chance of winning,16:46:04  2 Nov 2020,40000
2020,President,polls-plus,11/2/2020,Trump,Biden,"",Mississippi,9,56.78791,42.46484,,,Projected vote share,16:46:04  2 Nov 2020,40000
2020,President,polls-plus,11/2/2020,Trump,Biden,"",Mississippi,8,60.93599,38.31676,,0,Blend with economic fundamentals,16:46:04  2 Nov 2020,40000
2020,President,polls-plus,11/2/2020,Trump,Biden,"",Mississippi,7,56.78791,42.46484,,,Snapshot,16:46:04  2 Nov 2020,40000
2020,President,polls-plus,11/2/2020,Trump,Biden,"",Mississippi,6,55.21735,44.0354,,.3818014,Blend with regression,16:46:04  2 Nov 2020,40000
2020,President,polls-plus,11/2/2020,Trump,Biden,"",Mississippi,5,57.75789,41.49485,,,Reallocated vote share,16:46:04  2 Nov 2020,40000
2020,President,polls-plus,11/2/2020,Trump,Biden,"",Mississippi,4,2.414177,2.414177,,,Reallocate undecideds and third-party votes,16:46:04  2 Nov 2020,40000
2020,President,polls-plus,11/2/2020,Trump,Biden,"",Mississippi,3,55.34372,39.08068,,,Adjusted polling average,16:46:04  2 Nov 2020,40000
2020,President,polls-plus,11/2/2020,Trump,Biden,"",Mississippi,2,-.1256638,-.0305519,,,Adjust for bounces & recent events,16:46:04  2 Nov 2020,40000
2020,President,polls-plus,11/2/2020,Trump,Biden,"",Mississippi,1,55.46938,39.11123,,,Polling average,16:46:04  2 Nov 2020,40000
2020,President,polls-plus,11/2/2020,Trump,Biden,"",Mississippi,10,.914075,.085925,,,Chance of winning,16:46:04  2 Nov 2020,40000
2020,President,polls-plus,11/2/2020,Trump,Biden,"",Minnesota,9,44.57623,53.77711,,,Projected vote share,16:46:04  2 Nov 2020,40000
2020,President,polls-plus,11/2/2020,Trump,Biden,"",Minnesota,8,48.79389,49.55945,,0,Blend with economic fundamentals,16:46:04  2 Nov 2020,40000
2020,President,polls-plus,11/2/2020,Trump,Biden,"",Minnesota,7,44.57623,53.77711,,,Snapshot,16:46:04  2 Nov 2020,40000
2020,President,polls-plus,11/2/2020,Trump,Biden,"",Minnesota,6,44.92254,53.4308,,.1400823,Blend with regression,16:46:04  2 Nov 2020,40000
2020,President,polls-plus,11/2/2020,Trump,Biden,"",Minnesota,5,44.51982,53.83352,,,Reallocated vote share,16:46:04  2 Nov 2020,40000
2020,President,polls-plus,11/2/2020,Trump,Biden,"",Minnesota,4,1.87891,1.87891,,,Reallocate undecideds and third-party votes,16:46:04  2 Nov 2020,40000
2020,President,polls-plus,11/2/2020,Trump,Biden,"",Minnesota,3,42.64091,51.95461,,,Adjusted polling average,16:46:04  2 Nov 2020,40000
2020,President,polls-plus,11/2/2020,Trump,Biden,"",Minnesota,2,0,0,,,Adjust for bounces & recent events,16:46:04  2 Nov 2020,40000
2020,President,polls-plus,11/2/2020,Trump,Biden,"",Minnesota,1,42.64091,51.95461,,,Polling average,16:46:04  2 Nov 2020,40000
2020,President,polls-plus,11/2/2020,Trump,Biden,"",Minnesota,10,.041475,.958525,,,Chance of winning,16:46:04  2 Nov 2020,40000
2020,President,polls-plus,11/2/2020,Trump,Biden,"",Michigan,9,45.43583,53.58177,,,Projected vote share,16:46:04  2 Nov 2020,40000
2020,President,polls-plus,11/2/2020,Trump,Biden,"",Michigan,8,49.68538,49.33221,,0,Blend with economic fundamentals,16:46:04  2 Nov 2020,40000
2020,President,polls-plus,11/2/2020,Trump,Biden,"",Michigan,7,45.43583,53.58177,,,Snapshot,16:46:04  2 Nov 2020,40000
2020,President,polls-plus,11/2/2020,Trump,Biden,"",Michigan,6,43.45706,55.56054,,.0253937,Blend with regression,16:46:04  2 Nov 2020,40000
2020,President,polls-plus,11/2/2020,Trump,Biden,"",Michigan,5,45.48738,53.53021,,,Reallocated vote share,16:46:04  2 Nov 2020,40000
2020,President,polls-plus,11/2/2020,Trump,Biden,"",Michigan,4,2.453602,2.453606,,,Reallocate undecideds and third-party votes,16:46:04  2 Nov 2020,40000
2020,President,polls-plus,11/2/2020,Trump,Biden,"",Michigan,3,43.03378,51.0766,,,Adjusted polling average,16:46:04  2 Nov 2020,40000
2020,President,polls-plus,11/2/2020,Trump,Biden,"",Michigan,2,0,0,,,Adjust for bounces & recent events,16:46:04  2 Nov 2020,40000
2020,President,polls-plus,11/2/2020,Trump,Biden,"",Michigan,1,43.03378,51.0766,,,Polling average,16:46:04  2 Nov 2020,40000
2020,President,polls-plus,11/2/2020,Trump,Biden,"",Michigan,10,.0504,.9496,,,Chance of winning,16:46:04  2 Nov 2020,40000
2020,President,polls-plus,11/2/2020,Trump,Biden,"",Massachusetts,9,31.66275,66.89375,,,Projected vote share,16:46:04  2 Nov 2020,40000
2020,President,polls-plus,11/2/2020,Trump,Biden,"",Massachusetts,8,35.55614,63.00035,,0,Blend with economic fundamentals,16:46:04  2 Nov 2020,40000
2020,President,polls-plus,11/2/2020,Trump,Biden,"",Massachusetts,7,31.66275,66.89375,,,Snapshot,16:46:04  2 Nov 2020,40000
2020,President,polls-plus,11/2/2020,Trump,Biden,"",Massachusetts,6,32.82412,65.73238,,.3349062,Blend with regression,16:46:04  2 Nov 2020,40000
2020,President,polls-plus,11/2/2020,Trump,Biden,"",Massachusetts,5,31.07795,67.47855,,,Reallocated vote share,16:46:04  2 Nov 2020,40000
2020,President,polls-plus,11/2/2020,Trump,Biden,"",Massachusetts,4,1.808708,1.808716,,,Reallocate undecideds and third-party votes,16:46:04  2 Nov 2020,40000
2020,President,polls-plus,11/2/2020,Trump,Biden,"",Massachusetts,3,29.26924,65.66984,,,Adjusted polling average,16:46:04  2 Nov 2020,40000
2020,President,polls-plus,11/2/2020,Trump,Biden,"",Massachusetts,2,.0433388,-.108139,,,Adjust for bounces & recent events,16:46:04  2 Nov 2020,40000
2020,President,polls-plus,11/2/2020,Trump,Biden,"",Massachusetts,1,29.2259,65.77798,,,Polling average,16:46:04  2 Nov 2020,40000
2020,President,polls-plus,11/2/2020,Trump,Biden,"",Massachusetts,10,.00055,.99945,,,Chance of winning,16:46:04  2 Nov 2020,40000
2020,President,polls-plus,11/2/2020,Trump,Biden,"",Maryland,9,34.21004,64.36867,,,Projected vote share,16:46:04  2 Nov 2020,40000
2020,President,polls-plus,11/2/2020,Trump,Biden,"",Maryland,8,38.20898,60.36973,,0,Blend with economic fundamentals,16:46:04  2 Nov 2020,40000
2020,President,polls-plus,11/2/2020,Trump,Biden,"",Maryland,7,34.21004,64.36867,,,Snapshot,16:46:04  2 Nov 2020,40000
2020,President,polls-plus,11/2/2020,Trump,Biden,"",Maryland,6,33.77784,64.80087,,.3367774,Blend with regression,16:46:04  2 Nov 2020,40000
2020,President,polls-plus,11/2/2020,Trump,Biden,"",Maryland,5,34.42952,64.14919,,,Reallocated vote share,16:46:04  2 Nov 2020,40000
2020,President,polls-plus,11/2/2020,Trump,Biden,"",Maryland,4,2.599636,2.599636,,,Reallocate undecideds and third-party votes,16:46:04  2 Nov 2020,40000
2020,President,polls-plus,11/2/2020,Trump,Biden,"",Maryland,3,31.82988,61.54956,,,Adjusted polling average,16:46:04  2 Nov 2020,40000
2020,President,polls-plus,11/2/2020,Trump,Biden,"",Maryland,2,0,0,,,Adjust for bounces & recent events,16:46:04  2 Nov 2020,40000
2020,President,polls-plus,11/2/2020,Trump,Biden,"",Maryland,1,31.82988,61.54956,,,Polling average,16:46:04  2 Nov 2020,40000
2020,President,polls-plus,11/2/2020,Trump,Biden,"",Maryland,10,.00055,.99945,,,Chance of winning,16:46:04  2 Nov 2020,40000
2020,President,polls-plus,11/2/2020,Trump,Biden,"",Maine,9,43.24018,55.32206,,,Projected vote share,16:46:04  2 Nov 2020,40000
2020,President,polls-plus,11/2/2020,Trump,Biden,"",Maine,8,47.45409,51.10814,,0,Blend with economic fundamentals,16:46:04  2 Nov 2020,40000
2020,President,polls-plus,11/2/2020,Trump,Biden,"",Maine,7,43.27183,55.36255,,,Snapshot,16:46:04  2 Nov 2020,40000
2020,President,polls-plus,11/2/2020,Trump,Biden,"",Maine,6,44.20674,54.42764,,.2409167,Blend with regression,16:46:04  2 Nov 2020,40000
2020,President,polls-plus,11/2/2020,Trump,Biden,"",Maine,5,42.57494,56.05944,,,Reallocated vote share,16:46:04  2 Nov 2020,40000
2020,President,polls-plus,11/2/2020,Trump,Biden,"",Maine,4,2.171726,2.171726,,,Reallocate undecideds and third-party votes,16:46:04  2 Nov 2020,40000
2020,President,polls-plus,11/2/2020,Trump,Biden,"",Maine,3,40.40321,53.88771,,,Adjusted polling average,16:46:04  2 Nov 2020,40000
2020,President,polls-plus,11/2/2020,Trump,Biden,"",Maine,2,0,0,,,Adjust for bounces & recent events,16:46:04  2 Nov 2020,40000
2020,President,polls-plus,11/2/2020,Trump,Biden,"",Maine,1,40.40321,53.88771,,,Polling average,16:46:04  2 Nov 2020,40000
2020,President,polls-plus,11/2/2020,Trump,Biden,"",Maine,10,.096675,.903325,,,Chance of winning,16:46:04  2 Nov 2020,40000
2020,President,polls-plus,11/2/2020,Trump,Biden,"",ME-2,9,48.26466,50.16452,,,Projected vote share,16:46:04  2 Nov 2020,40000
2020,President,polls-plus,11/2/2020,Trump,Biden,"",ME-2,8,52.49225,45.93692,,0,Blend with economic fundamentals,16:46:04  2 Nov 2020,40000
2020,President,polls-plus,11/2/2020,Trump,Biden,"",ME-2,7,48.26466,50.16452,,,Snapshot,16:46:04  2 Nov 2020,40000
2020,President,polls-plus,11/2/2020,Trump,Biden,"",ME-2,6,50.31153,48.11765,,.3304045,Blend with regression,16:46:04  2 Nov 2020,40000
2020,President,polls-plus,11/2/2020,Trump,Biden,"",ME-2,5,47.63806,50.79111,,,Reallocated vote share,16:46:04  2 Nov 2020,40000
2020,President,polls-plus,11/2/2020,Trump,Biden,"",ME-2,4,1.89344,1.895512,,,Reallocate undecideds and third-party votes,16:46:04  2 Nov 2020,40000
2020,President,polls-plus,11/2/2020,Trump,Biden,"",ME-2,3,45.74462,48.8956,,,Adjusted polling average,16:46:04  2 Nov 2020,40000
2020,President,polls-plus,11/2/2020,Trump,Biden,"",ME-2,2,0,0,,,Adjust for bounces & recent events,16:46:04  2 Nov 2020,40000
2020,President,polls-plus,11/2/2020,Trump,Biden,"",ME-2,1,45.74462,48.8956,,,Polling average,16:46:04  2 Nov 2020,40000
2020,President,polls-plus,11/2/2020,Trump,Biden,"",ME-2,10,.418075,.581925,,,Chance of winning,16:46:04  2 Nov 2020,40000
2020,President,polls-plus,11/2/2020,Trump,Biden,"",ME-1,9,38.70546,59.97686,,,Projected vote share,16:46:04  2 Nov 2020,40000
2020,President,polls-plus,11/2/2020,Trump,Biden,"",ME-1,8,42.84483,55.83749,,0,Blend with economic fundamentals,16:46:04  2 Nov 2020,40000
2020,President,polls-plus,11/2/2020,Trump,Biden,"",ME-1,7,38.70546,59.97686,,,Snapshot,16:46:04  2 Nov 2020,40000
2020,President,polls-plus,11/2/2020,Trump,Biden,"",ME-1,6,38.71846,59.96386,,.3317416,Blend with regression,16:46:04  2 Nov 2020,40000
2020,President,polls-plus,11/2/2020,Trump,Biden,"",ME-1,5,39.07045,59.61187,,,Reallocated vote share,16:46:04  2 Nov 2020,40000
2020,President,polls-plus,11/2/2020,Trump,Biden,"",ME-1,4,1.36832,1.379894,,,Reallocate undecideds and third-party votes,16:46:04  2 Nov 2020,40000
2020,President,polls-plus,11/2/2020,Trump,Biden,"",ME-1,3,37.70213,58.23198,,,Adjusted polling average,16:46:04  2 Nov 2020,40000
2020,President,polls-plus,11/2/2020,Trump,Biden,"",ME-1,2,0,0,,,Adjust for bounces & recent events,16:46:04  2 Nov 2020,40000
2020,President,polls-plus,11/2/2020,Trump,Biden,"",ME-1,1,37.70213,58.23198,,,Polling average,16:46:04  2 Nov 2020,40000
2020,President,polls-plus,11/2/2020,Trump,Biden,"",ME-1,10,.028,.972,,,Chance of winning,16:46:04  2 Nov 2020,40000
2020,President,polls-plus,11/2/2020,Trump,Biden,"",Louisiana,9,59.02256,39.96652,,,Projected vote share,16:46:04  2 Nov 2020,40000
2020,President,polls-plus,11/2/2020,Trump,Biden,"",Louisiana,8,63.09208,35.897,,0,Blend with economic fundamentals,16:46:04  2 Nov 2020,40000
2020,President,polls-plus,11/2/2020,Trump,Biden,"",Louisiana,7,59.02256,39.96652,,,Snapshot,16:46:04  2 Nov 2020,40000
2020,President,polls-plus,11/2/2020,Trump,Biden,"",Louisiana,6,57.12478,41.8643,,.3384476,Blend with regression,16:46:04  2 Nov 2020,40000
2020,President,polls-plus,11/2/2020,Trump,Biden,"",Louisiana,5,59.99347,38.99562,,,Reallocated vote share,16:46:04  2 Nov 2020,40000
2020,President,polls-plus,11/2/2020,Trump,Biden,"",Louisiana,4,2.279591,2.279591,,,Reallocate undecideds and third-party votes,16:46:04  2 Nov 2020,40000
2020,President,polls-plus,11/2/2020,Trump,Biden,"",Louisiana,3,57.71387,36.71603,,,Adjusted polling average,16:46:04  2 Nov 2020,40000
2020,President,polls-plus,11/2/2020,Trump,Biden,"",Louisiana,2,-.030983,.0126915,,,Adjust for bounces & recent events,16:46:04  2 Nov 2020,40000
2020,President,polls-plus,11/2/2020,Trump,Biden,"",Louisiana,1,57.74486,36.70333,,,Polling average,16:46:04  2 Nov 2020,40000
2020,President,polls-plus,11/2/2020,Trump,Biden,"",Louisiana,10,.973775,.026225,,,Chance of winning,16:46:04  2 Nov 2020,40000
2020,President,polls-plus,11/2/2020,Trump,Biden,"",Kentucky,9,58.36992,40.41859,,,Projected vote share,16:46:04  2 Nov 2020,40000
2020,President,polls-plus,11/2/2020,Trump,Biden,"",Kentucky,8,62.44762,36.34089,,0,Blend with economic fundamentals,16:46:04  2 Nov 2020,40000
2020,President,polls-plus,11/2/2020,Trump,Biden,"",Kentucky,7,58.36992,40.41858,,,Snapshot,16:46:04  2 Nov 2020,40000
2020,President,polls-plus,11/2/2020,Trump,Biden,"",Kentucky,6,60.44897,38.33953,,.327697,Blend with regression,16:46:04  2 Nov 2020,40000
2020,President,polls-plus,11/2/2020,Trump,Biden,"",Kentucky,5,57.35654,41.43196,,,Reallocated vote share,16:46:04  2 Nov 2020,40000
2020,President,polls-plus,11/2/2020,Trump,Biden,"",Kentucky,4,1.881351,1.881348,,,Reallocate undecideds and third-party votes,16:46:04  2 Nov 2020,40000
2020,President,polls-plus,11/2/2020,Trump,Biden,"",Kentucky,3,55.47519,39.55062,,,Adjusted polling average,16:46:04  2 Nov 2020,40000
2020,President,polls-plus,11/2/2020,Trump,Biden,"",Kentucky,2,-.0031891,.0013199,,,Adjust for bounces & recent events,16:46:04  2 Nov 2020,40000
2020,President,polls-plus,11/2/2020,Trump,Biden,"",Kentucky,1,55.47837,39.5493,,,Polling average,16:46:04  2 Nov 2020,40000
2020,President,polls-plus,11/2/2020,Trump,Biden,"",Kentucky,10,.9851,.0149,,,Chance of winning,16:46:04  2 Nov 2020,40000
2020,President,polls-plus,11/2/2020,Trump,Biden,"",Kansas,9,54.68766,43.48126,,,Projected vote share,16:46:04  2 Nov 2020,40000
2020,President,polls-plus,11/2/2020,Trump,Biden,"",Kansas,8,58.82458,39.34433,,0,Blend with economic fundamentals,16:46:04  2 Nov 2020,40000
2020,President,polls-plus,11/2/2020,Trump,Biden,"",Kansas,7,54.68766,43.48126,,,Snapshot,16:46:04  2 Nov 2020,40000
2020,President,polls-plus,11/2/2020,Trump,Biden,"",Kansas,6,56.06541,42.10351,,.2813683,Blend with regression,16:46:04  2 Nov 2020,40000
2020,President,polls-plus,11/2/2020,Trump,Biden,"",Kansas,5,54.14822,44.0207,,,Reallocated vote share,16:46:04  2 Nov 2020,40000
2020,President,polls-plus,11/2/2020,Trump,Biden,"",Kansas,4,2.373848,2.373852,,,Reallocate undecideds and third-party votes,16:46:04  2 Nov 2020,40000
2020,President,polls-plus,11/2/2020,Trump,Biden,"",Kansas,3,51.77437,41.64685,,,Adjusted polling average,16:46:04  2 Nov 2020,40000
2020,President,polls-plus,11/2/2020,Trump,Biden,"",Kansas,2,0,0,,,Adjust for bounces & recent events,16:46:04  2 Nov 2020,40000
2020,President,polls-plus,11/2/2020,Trump,Biden,"",Kansas,1,51.77437,41.64685,,,Polling average,16:46:04  2 Nov 2020,40000
2020,President,polls-plus,11/2/2020,Trump,Biden,"",Kansas,10,.9701,.0299,,,Chance of winning,16:46:04  2 Nov 2020,40000
2020,President,polls-plus,11/2/2020,Trump,Biden,"",Iowa,9,50.03571,48.41504,,,Projected vote share,16:46:04  2 Nov 2020,40000
2020,President,polls-plus,11/2/2020,Trump,Biden,"",Iowa,8,54.25438,44.19638,,0,Blend with economic fundamentals,16:46:04  2 Nov 2020,40000
2020,President,polls-plus,11/2/2020,Trump,Biden,"",Iowa,7,50.03571,48.41504,,,Snapshot,16:46:04  2 Nov 2020,40000
2020,President,polls-plus,11/2/2020,Trump,Biden,"",Iowa,6,50.89537,47.55539,,.0951425,Blend with regression,16:46:04  2 Nov 2020,40000
2020,President,polls-plus,11/2/2020,Trump,Biden,"",Iowa,5,49.94532,48.50544,,,Reallocated vote share,16:46:04  2 Nov 2020,40000
2020,President,polls-plus,11/2/2020,Trump,Biden,"",Iowa,4,2.463776,2.463776,,,Reallocate undecideds and third-party votes,16:46:04  2 Nov 2020,40000
2020,President,polls-plus,11/2/2020,Trump,Biden,"",Iowa,3,47.48155,46.04166,,,Adjusted polling average,16:46:04  2 Nov 2020,40000
2020,President,polls-plus,11/2/2020,Trump,Biden,"",Iowa,2,0,0,,,Adjust for bounces & recent events,16:46:04  2 Nov 2020,40000
2020,President,polls-plus,11/2/2020,Trump,Biden,"",Iowa,1,47.48155,46.04166,,,Polling average,16:46:04  2 Nov 2020,40000
2020,President,polls-plus,11/2/2020,Trump,Biden,"",Iowa,10,.613275,.386725,,,Chance of winning,16:46:04  2 Nov 2020,40000
2020,President,polls-plus,11/2/2020,Trump,Biden,"",Indiana,9,54.37895,44.34605,,,Projected vote share,16:46:04  2 Nov 2020,40000
2020,President,polls-plus,11/2/2020,Trump,Biden,"",Indiana,8,58.55181,40.17319,,0,Blend with economic fundamentals,16:46:04  2 Nov 2020,40000
2020,President,polls-plus,11/2/2020,Trump,Biden,"",Indiana,7,54.37895,44.34605,,,Snapshot,16:46:04  2 Nov 2020,40000
2020,President,polls-plus,11/2/2020,Trump,Biden,"",Indiana,6,54.62828,44.09671,,.3218063,Blend with regression,16:46:04  2 Nov 2020,40000
2020,President,polls-plus,11/2/2020,Trump,Biden,"",Indiana,5,54.26064,44.46436,,,Reallocated vote share,16:46:04  2 Nov 2020,40000
2020,President,polls-plus,11/2/2020,Trump,Biden,"",Indiana,4,2.361248,2.361248,,,Reallocate undecideds and third-party votes,16:46:04  2 Nov 2020,40000
2020,President,polls-plus,11/2/2020,Trump,Biden,"",Indiana,3,51.89939,42.10312,,,Adjusted polling average,16:46:04  2 Nov 2020,40000
2020,President,polls-plus,11/2/2020,Trump,Biden,"",Indiana,2,0,0,,,Adjust for bounces & recent events,16:46:04  2 Nov 2020,40000
2020,President,polls-plus,11/2/2020,Trump,Biden,"",Indiana,1,51.89939,42.10312,,,Polling average,16:46:04  2 Nov 2020,40000
2020,President,polls-plus,11/2/2020,Trump,Biden,"",Indiana,10,.955225,.044775,,,Chance of winning,16:46:04  2 Nov 2020,40000
2020,President,polls-plus,11/2/2020,Trump,Biden,"",Illinois,9,40.28408,58.38011,,,Projected vote share,16:46:04  2 Nov 2020,40000
2020,President,polls-plus,11/2/2020,Trump,Biden,"",Illinois,8,44.45703,54.20716,,0,Blend with economic fundamentals,16:46:04  2 Nov 2020,40000
2020,President,polls-plus,11/2/2020,Trump,Biden,"",Illinois,7,40.28408,58.38011,,,Snapshot,16:46:04  2 Nov 2020,40000
2020,President,polls-plus,11/2/2020,Trump,Biden,"",Illinois,6,38.05775,60.60645,,.2907713,Blend with regression,16:46:04  2 Nov 2020,40000
2020,President,polls-plus,11/2/2020,Trump,Biden,"",Illinois,5,41.19684,57.46736,,,Reallocated vote share,16:46:04  2 Nov 2020,40000
2020,President,polls-plus,11/2/2020,Trump,Biden,"",Illinois,4,2.489769,2.489765,,,Reallocate undecideds and third-party votes,16:46:04  2 Nov 2020,40000
2020,President,polls-plus,11/2/2020,Trump,Biden,"",Illinois,3,38.70707,54.97759,,,Adjusted polling average,16:46:04  2 Nov 2020,40000
2020,President,polls-plus,11/2/2020,Trump,Biden,"",Illinois,2,0,0,,,Adjust for bounces & recent events,16:46:04  2 Nov 2020,40000
2020,President,polls-plus,11/2/2020,Trump,Biden,"",Illinois,1,38.70707,54.97759,,,Polling average,16:46:04  2 Nov 2020,40000
2020,President,polls-plus,11/2/2020,Trump,Biden,"",Illinois,10,.000625,.999375,,,Chance of winning,16:46:04  2 Nov 2020,40000
2020,President,polls-plus,11/2/2020,Trump,Biden,"",Idaho,9,59.77939,37.25245,,,Projected vote share,16:46:04  2 Nov 2020,40000
2020,President,polls-plus,11/2/2020,Trump,Biden,"",Idaho,8,63.70258,33.32925,,0,Blend with economic fundamentals,16:46:04  2 Nov 2020,40000
2020,President,polls-plus,11/2/2020,Trump,Biden,"",Idaho,7,59.77939,37.25245,,,Snapshot,16:46:04  2 Nov 2020,40000
2020,President,polls-plus,11/2/2020,Trump,Biden,"",Idaho,6,62.34242,34.68942,,.4040812,Blend with regression,16:46:04  2 Nov 2020,40000
2020,President,polls-plus,11/2/2020,Trump,Biden,"",Idaho,5,58.04145,38.99039,,,Reallocated vote share,16:46:04  2 Nov 2020,40000
2020,President,polls-plus,11/2/2020,Trump,Biden,"",Idaho,4,1.003979,1.003979,,,Reallocate undecideds and third-party votes,16:46:04  2 Nov 2020,40000
2020,President,polls-plus,11/2/2020,Trump,Biden,"",Idaho,3,57.03747,37.98641,,,Adjusted polling average,16:46:04  2 Nov 2020,40000
2020,President,polls-plus,11/2/2020,Trump,Biden,"",Idaho,2,-.0690613,-.0065193,,,Adjust for bounces & recent events,16:46:04  2 Nov 2020,40000
2020,President,polls-plus,11/2/2020,Trump,Biden,"",Idaho,1,57.10653,37.99293,,,Polling average,16:46:04  2 Nov 2020,40000
2020,President,polls-plus,11/2/2020,Trump,Biden,"",Idaho,10,.9943,.0057,,,Chance of winning,16:46:04  2 Nov 2020,40000
2020,President,polls-plus,11/2/2020,Trump,Biden,"",Hawaii,9,31.08999,67.36447,,,Projected vote share,16:46:04  2 Nov 2020,40000
2020,President,polls-plus,11/2/2020,Trump,Biden,"",Hawaii,8,34.95448,63.49998,,0,Blend with economic fundamentals,16:46:04  2 Nov 2020,40000
2020,President,polls-plus,11/2/2020,Trump,Biden,"",Hawaii,7,31.08999,67.36447,,,Snapshot,16:46:04  2 Nov 2020,40000
2020,President,polls-plus,11/2/2020,Trump,Biden,"",Hawaii,6,28.84657,69.60789,,.3843055,Blend with regression,16:46:04  2 Nov 2020,40000
2020,President,polls-plus,11/2/2020,Trump,Biden,"",Hawaii,5,32.49029,65.96416,,,Reallocated vote share,16:46:04  2 Nov 2020,40000
2020,President,polls-plus,11/2/2020,Trump,Biden,"",Hawaii,4,2.035126,2.035126,,,Reallocate undecideds and third-party votes,16:46:04  2 Nov 2020,40000
2020,President,polls-plus,11/2/2020,Trump,Biden,"",Hawaii,3,30.45517,63.92904,,,Adjusted polling average,16:46:04  2 Nov 2020,40000
2020,President,polls-plus,11/2/2020,Trump,Biden,"",Hawaii,2,0,0,,,Adjust for bounces & recent events,16:46:04  2 Nov 2020,40000
2020,President,polls-plus,11/2/2020,Trump,Biden,"",Hawaii,1,30.45517,63.92904,,,Polling average,16:46:04  2 Nov 2020,40000
2020,President,polls-plus,11/2/2020,Trump,Biden,"",Hawaii,10,.0068,.9932,,,Chance of winning,16:46:04  2 Nov 2020,40000
2020,President,polls-plus,11/2/2020,Trump,Biden,"",Georgia,9,49.23132,50.01731,,,Projected vote share,16:46:04  2 Nov 2020,40000
2020,President,polls-plus,11/2/2020,Trump,Biden,"",Georgia,8,53.49187,45.75676,,0,Blend with economic fundamentals,16:46:04  2 Nov 2020,40000
2020,President,polls-plus,11/2/2020,Trump,Biden,"",Georgia,7,49.23132,50.01731,,,Snapshot,16:46:04  2 Nov 2020,40000
2020,President,polls-plus,11/2/2020,Trump,Biden,"",Georgia,6,51.2503,47.99833,,.059535,Blend with regression,16:46:04  2 Nov 2020,40000
2020,President,polls-plus,11/2/2020,Trump,Biden,"",Georgia,5,49.10351,50.14512,,,Reallocated vote share,16:46:04  2 Nov 2020,40000
2020,President,polls-plus,11/2/2020,Trump,Biden,"",Georgia,4,1.852978,1.852974,,,Reallocate undecideds and third-party votes,16:46:04  2 Nov 2020,40000
2020,President,polls-plus,11/2/2020,Trump,Biden,"",Georgia,3,47.25053,48.29214,,,Adjusted polling average,16:46:04  2 Nov 2020,40000
2020,President,polls-plus,11/2/2020,Trump,Biden,"",Georgia,2,0,0,,,Adjust for bounces & recent events,16:46:04  2 Nov 2020,40000
2020,President,polls-plus,11/2/2020,Trump,Biden,"",Georgia,1,47.25053,48.29214,,,Polling average,16:46:04  2 Nov 2020,40000
2020,President,polls-plus,11/2/2020,Trump,Biden,"",Georgia,10,.43455,.56545,,,Chance of winning,16:46:04  2 Nov 2020,40000
2020,President,polls-plus,11/2/2020,Trump,Biden,"",Florida,9,48.40271,50.88508,,,Projected vote share,16:46:04  2 Nov 2020,40000
2020,President,polls-plus,11/2/2020,Trump,Biden,"",Florida,8,52.66798,46.61981,,0,Blend with economic fundamentals,16:46:04  2 Nov 2020,40000
2020,President,polls-plus,11/2/2020,Trump,Biden,"",Florida,7,48.40271,50.88508,,,Snapshot,16:46:04  2 Nov 2020,40000
2020,President,polls-plus,11/2/2020,Trump,Biden,"",Florida,6,47.56316,51.72464,,.0112382,Blend with regression,16:46:04  2 Nov 2020,40000
2020,President,polls-plus,11/2/2020,Trump,Biden,"",Florida,5,48.41225,50.87554,,,Reallocated vote share,16:46:04  2 Nov 2020,40000
2020,President,polls-plus,11/2/2020,Trump,Biden,"",Florida,4,2.046387,2.046391,,,Reallocate undecideds and third-party votes,16:46:04  2 Nov 2020,40000
2020,President,polls-plus,11/2/2020,Trump,Biden,"",Florida,3,46.36586,48.82915,,,Adjusted polling average,16:46:04  2 Nov 2020,40000
2020,President,polls-plus,11/2/2020,Trump,Biden,"",Florida,2,0,0,,,Adjust for bounces & recent events,16:46:04  2 Nov 2020,40000
2020,President,polls-plus,11/2/2020,Trump,Biden,"",Florida,1,46.36586,48.82915,,,Polling average,16:46:04  2 Nov 2020,40000
2020,President,polls-plus,11/2/2020,Trump,Biden,"",Florida,10,.3118,.6882,,,Chance of winning,16:46:04  2 Nov 2020,40000
2020,President,polls-plus,11/2/2020,Trump,Biden,"",District of Columbia,9,5.9059,90.83086,,,Projected vote share,16:46:04  2 Nov 2020,40000
2020,President,polls-plus,11/2/2020,Trump,Biden,"",District of Columbia,8,7.272853,89.46391,,0,Blend with economic fundamentals,16:46:04  2 Nov 2020,40000
2020,President,polls-plus,11/2/2020,Trump,Biden,"",District of Columbia,7,5.9059,90.83086,,,Snapshot,16:46:04  2 Nov 2020,40000
2020,President,polls-plus,11/2/2020,Trump,Biden,"",District of Columbia,6,5.403449,91.33331,,.6461897,Blend with regression,16:46:04  2 Nov 2020,40000
2020,President,polls-plus,11/2/2020,Trump,Biden,"",District of Columbia,5,6.823564,89.91319,,,Reallocated vote share,16:46:04  2 Nov 2020,40000
2020,President,polls-plus,11/2/2020,Trump,Biden,"",District of Columbia,4,.1331062,.1331024,,,Reallocate undecideds and third-party votes,16:46:04  2 Nov 2020,40000
2020,President,polls-plus,11/2/2020,Trump,Biden,"",District of Columbia,3,6.690458,89.78009,,,Adjusted polling average,16:46:04  2 Nov 2020,40000
2020,President,polls-plus,11/2/2020,Trump,Biden,"",District of Columbia,2,9.54e-07,0,,,Adjust for bounces & recent events,16:46:04  2 Nov 2020,40000
2020,President,polls-plus,11/2/2020,Trump,Biden,"",District of Columbia,1,6.690457,89.78009,,,Polling average,16:46:04  2 Nov 2020,40000
2020,President,polls-plus,11/2/2020,Trump,Biden,"",District of Columbia,10,0,1,,,Chance of winning,16:46:04  2 Nov 2020,40000
2020,President,polls-plus,11/2/2020,Trump,Biden,"",Delaware,9,36.82942,62.09676,,,Projected vote share,16:46:04  2 Nov 2020,40000
2020,President,polls-plus,11/2/2020,Trump,Biden,"",Delaware,8,40.92611,58.00007,,0,Blend with economic fundamentals,16:46:04  2 Nov 2020,40000
2020,President,polls-plus,11/2/2020,Trump,Biden,"",Delaware,7,36.82942,62.09676,,,Snapshot,16:46:04  2 Nov 2020,40000
2020,President,polls-plus,11/2/2020,Trump,Biden,"",Delaware,6,35.54956,63.37662,,.3768801,Blend with regression,16:46:04  2 Nov 2020,40000
2020,President,polls-plus,11/2/2020,Trump,Biden,"",Delaware,5,37.60351,61.32267,,,Reallocated vote share,16:46:04  2 Nov 2020,40000
2020,President,polls-plus,11/2/2020,Trump,Biden,"",Delaware,4,2.724323,2.724319,,,Reallocate undecideds and third-party votes,16:46:04  2 Nov 2020,40000
2020,President,polls-plus,11/2/2020,Trump,Biden,"",Delaware,3,34.87919,58.59835,,,Adjusted polling average,16:46:04  2 Nov 2020,40000
2020,President,polls-plus,11/2/2020,Trump,Biden,"",Delaware,2,0,0,,,Adjust for bounces & recent events,16:46:04  2 Nov 2020,40000
2020,President,polls-plus,11/2/2020,Trump,Biden,"",Delaware,1,34.87919,58.59835,,,Polling average,16:46:04  2 Nov 2020,40000
2020,President,polls-plus,11/2/2020,Trump,Biden,"",Delaware,10,0,1,,,Chance of winning,16:46:04  2 Nov 2020,40000
2020,President,polls-plus,11/2/2020,Trump,Biden,"",Connecticut,9,37.99688,61.09024,,,Projected vote share,16:46:04  2 Nov 2020,40000
2020,President,polls-plus,11/2/2020,Trump,Biden,"",Connecticut,8,42.13136,56.95576,,0,Blend with economic fundamentals,16:46:04  2 Nov 2020,40000
2020,President,polls-plus,11/2/2020,Trump,Biden,"",Connecticut,7,37.99688,61.09024,,,Snapshot,16:46:04  2 Nov 2020,40000
2020,President,polls-plus,11/2/2020,Trump,Biden,"",Connecticut,6,39.47562,59.6115,,.3852047,Blend with regression,16:46:04  2 Nov 2020,40000
2020,President,polls-plus,11/2/2020,Trump,Biden,"",Connecticut,5,37.07035,62.01677,,,Reallocated vote share,16:46:04  2 Nov 2020,40000
2020,President,polls-plus,11/2/2020,Trump,Biden,"",Connecticut,4,4.732086,4.73209,,,Reallocate undecideds and third-party votes,16:46:04  2 Nov 2020,40000
2020,President,polls-plus,11/2/2020,Trump,Biden,"",Connecticut,3,32.33827,57.28468,,,Adjusted polling average,16:46:04  2 Nov 2020,40000
2020,President,polls-plus,11/2/2020,Trump,Biden,"",Connecticut,2,0,0,,,Adjust for bounces & recent events,16:46:04  2 Nov 2020,40000
2020,President,polls-plus,11/2/2020,Trump,Biden,"",Connecticut,1,32.33827,57.28468,,,Polling average,16:46:04  2 Nov 2020,40000
2020,President,polls-plus,11/2/2020,Trump,Biden,"",Connecticut,10,.00095,.99905,,,Chance of winning,16:46:04  2 Nov 2020,40000
2020,President,polls-plus,11/2/2020,Trump,Biden,"",Colorado,9,42.97402,54.41292,,,Projected vote share,16:46:04  2 Nov 2020,40000
2020,President,polls-plus,11/2/2020,Trump,Biden,"",Colorado,8,47.14032,50.24663,,0,Blend with economic fundamentals,16:46:04  2 Nov 2020,40000
2020,President,polls-plus,11/2/2020,Trump,Biden,"",Colorado,7,42.97402,54.41292,,,Snapshot,16:46:04  2 Nov 2020,40000
2020,President,polls-plus,11/2/2020,Trump,Biden,"",Colorado,6,44.12321,53.26373,,.2274411,Blend with regression,16:46:04  2 Nov 2020,40000
2020,President,polls-plus,11/2/2020,Trump,Biden,"",Colorado,5,42.6357,54.75124,,,Reallocated vote share,16:46:04  2 Nov 2020,40000
2020,President,polls-plus,11/2/2020,Trump,Biden,"",Colorado,4,1.384338,1.384346,,,Reallocate undecideds and third-party votes,16:46:04  2 Nov 2020,40000
2020,President,polls-plus,11/2/2020,Trump,Biden,"",Colorado,3,41.25136,53.3669,,,Adjusted polling average,16:46:04  2 Nov 2020,40000
2020,President,polls-plus,11/2/2020,Trump,Biden,"",Colorado,2,0,0,,,Adjust for bounces & recent events,16:46:04  2 Nov 2020,40000
2020,President,polls-plus,11/2/2020,Trump,Biden,"",Colorado,1,41.25136,53.3669,,,Polling average,16:46:04  2 Nov 2020,40000
2020,President,polls-plus,11/2/2020,Trump,Biden,"",Colorado,10,.0365,.9635,,,Chance of winning,16:46:04  2 Nov 2020,40000
2020,President,polls-plus,11/2/2020,Trump,Biden,"",California,9,34.10395,64.08878,,,Projected vote share,16:46:04  2 Nov 2020,40000
2020,President,polls-plus,11/2/2020,Trump,Biden,"",California,8,38.08827,60.10446,,0,Blend with economic fundamentals,16:46:04  2 Nov 2020,40000
2020,President,polls-plus,11/2/2020,Trump,Biden,"",California,7,34.10395,64.08878,,,Snapshot,16:46:04  2 Nov 2020,40000
2020,President,polls-plus,11/2/2020,Trump,Biden,"",California,6,33.10471,65.08803,,.279821,Blend with regression,16:46:04  2 Nov 2020,40000
2020,President,polls-plus,11/2/2020,Trump,Biden,"",California,5,34.4922,63.70053,,,Reallocated vote share,16:46:04  2 Nov 2020,40000
2020,President,polls-plus,11/2/2020,Trump,Biden,"",California,4,2.051895,2.051891,,,Reallocate undecideds and third-party votes,16:46:04  2 Nov 2020,40000
2020,President,polls-plus,11/2/2020,Trump,Biden,"",California,3,32.4403,61.64864,,,Adjusted polling average,16:46:04  2 Nov 2020,40000
2020,President,polls-plus,11/2/2020,Trump,Biden,"",California,2,0,0,,,Adjust for bounces & recent events,16:46:04  2 Nov 2020,40000
2020,President,polls-plus,11/2/2020,Trump,Biden,"",California,1,32.4403,61.64864,,,Polling average,16:46:04  2 Nov 2020,40000
2020,President,polls-plus,11/2/2020,Trump,Biden,"",California,10,.001575,.998425,,,Chance of winning,16:46:04  2 Nov 2020,40000
2020,President,polls-plus,11/2/2020,Trump,Biden,"",Arkansas,9,60.49102,37.75572,,,Projected vote share,16:46:04  2 Nov 2020,40000
2020,President,polls-plus,11/2/2020,Trump,Biden,"",Arkansas,8,64.46469,33.78205,,0,Blend with economic fundamentals,16:46:04  2 Nov 2020,40000
2020,President,polls-plus,11/2/2020,Trump,Biden,"",Arkansas,7,60.49102,37.75572,,,Snapshot,16:46:04  2 Nov 2020,40000
2020,President,polls-plus,11/2/2020,Trump,Biden,"",Arkansas,6,60.37737,37.86937,,.3268954,Blend with regression,16:46:04  2 Nov 2020,40000
2020,President,polls-plus,11/2/2020,Trump,Biden,"",Arkansas,5,60.54622,37.70052,,,Reallocated vote share,16:46:04  2 Nov 2020,40000
2020,President,polls-plus,11/2/2020,Trump,Biden,"",Arkansas,4,1.567314,1.567318,,,Reallocate undecideds and third-party votes,16:46:04  2 Nov 2020,40000
2020,President,polls-plus,11/2/2020,Trump,Biden,"",Arkansas,3,58.9789,36.13321,,,Adjusted polling average,16:46:04  2 Nov 2020,40000
2020,President,polls-plus,11/2/2020,Trump,Biden,"",Arkansas,2,0,0,,,Adjust for bounces & recent events,16:46:04  2 Nov 2020,40000
2020,President,polls-plus,11/2/2020,Trump,Biden,"",Arkansas,1,58.9789,36.13321,,,Polling average,16:46:04  2 Nov 2020,40000
2020,President,polls-plus,11/2/2020,Trump,Biden,"",Arkansas,10,.990575,.009425,,,Chance of winning,16:46:04  2 Nov 2020,40000
2020,President,polls-plus,11/2/2020,Trump,Biden,"",Arizona,9,48.09922,50.65837,,,Projected vote share,16:46:04  2 Nov 2020,40000
2020,President,polls-plus,11/2/2020,Trump,Biden,"",Arizona,8,52.34182,46.41578,,0,Blend with economic fundamentals,16:46:04  2 Nov 2020,40000
2020,President,polls-plus,11/2/2020,Trump,Biden,"",Arizona,7,48.09922,50.65837,,,Snapshot,16:46:04  2 Nov 2020,40000
2020,President,polls-plus,11/2/2020,Trump,Biden,"",Arizona,6,48.36701,50.39059,,.0372166,Blend with regression,16:46:04  2 Nov 2020,40000
2020,President,polls-plus,11/2/2020,Trump,Biden,"",Arizona,5,48.08887,50.66873,,,Reallocated vote share,16:46:04  2 Nov 2020,40000
2020,President,polls-plus,11/2/2020,Trump,Biden,"",Arizona,4,2.136169,2.136173,,,Reallocate undecideds and third-party votes,16:46:04  2 Nov 2020,40000
2020,President,polls-plus,11/2/2020,Trump,Biden,"",Arizona,3,45.9527,48.53256,,,Adjusted polling average,16:46:04  2 Nov 2020,40000
2020,President,polls-plus,11/2/2020,Trump,Biden,"",Arizona,2,0,0,,,Adjust for bounces & recent events,16:46:04  2 Nov 2020,40000
2020,President,polls-plus,11/2/2020,Trump,Biden,"",Arizona,1,45.9527,48.53256,,,Polling average,16:46:04  2 Nov 2020,40000
2020,President,polls-plus,11/2/2020,Trump,Biden,"",Arizona,10,.321625,.678375,,,Chance of winning,16:46:04  2 Nov 2020,40000
2020,President,polls-plus,11/2/2020,Trump,Biden,"",Alaska,9,52.97596,44.49289,,,Projected vote share,16:46:04  2 Nov 2020,40000
2020,President,polls-plus,11/2/2020,Trump,Biden,"",Alaska,8,57.10882,40.36003,,0,Blend with economic fundamentals,16:46:04  2 Nov 2020,40000
2020,President,polls-plus,11/2/2020,Trump,Biden,"",Alaska,7,52.97596,44.49289,,,Snapshot,16:46:04  2 Nov 2020,40000
2020,President,polls-plus,11/2/2020,Trump,Biden,"",Alaska,6,53.70338,43.76547,,.3185958,Blend with regression,16:46:04  2 Nov 2020,40000
2020,President,polls-plus,11/2/2020,Trump,Biden,"",Alaska,5,52.63586,44.83299,,,Reallocated vote share,16:46:04  2 Nov 2020,40000
2020,President,polls-plus,11/2/2020,Trump,Biden,"",Alaska,4,1.432186,1.432182,,,Reallocate undecideds and third-party votes,16:46:04  2 Nov 2020,40000
2020,President,polls-plus,11/2/2020,Trump,Biden,"",Alaska,3,51.20367,43.40081,,,Adjusted polling average,16:46:04  2 Nov 2020,40000
2020,President,polls-plus,11/2/2020,Trump,Biden,"",Alaska,2,0,0,,,Adjust for bounces & recent events,16:46:04  2 Nov 2020,40000
2020,President,polls-plus,11/2/2020,Trump,Biden,"",Alaska,1,51.20367,43.40081,,,Polling average,16:46:04  2 Nov 2020,40000
2020,President,polls-plus,11/2/2020,Trump,Biden,"",Alaska,10,.849625,.150375,,,Chance of winning,16:46:04  2 Nov 2020,40000
2020,President,polls-plus,11/2/2020,Trump,Biden,"",Alabama,9,59.58879,39.6509,,,Projected vote share,16:46:04  2 Nov 2020,40000
2020,President,polls-plus,11/2/2020,Trump,Biden,"",Alabama,8,63.65522,35.58448,,0,Blend with economic fundamentals,16:46:04  2 Nov 2020,40000
2020,President,polls-plus,11/2/2020,Trump,Biden,"",Alabama,7,59.58879,39.6509,,,Snapshot,16:46:04  2 Nov 2020,40000
2020,President,polls-plus,11/2/2020,Trump,Biden,"",Alabama,6,60.21015,39.02955,,.2954646,Blend with regression,16:46:04  2 Nov 2020,40000
2020,President,polls-plus,11/2/2020,Trump,Biden,"",Alabama,5,59.32821,39.91148,,,Reallocated vote share,16:46:04  2 Nov 2020,40000
2020,President,polls-plus,11/2/2020,Trump,Biden,"",Alabama,4,1.850727,1.850727,,,Reallocate undecideds and third-party votes,16:46:04  2 Nov 2020,40000
2020,President,polls-plus,11/2/2020,Trump,Biden,"",Alabama,3,57.47749,38.06076,,,Adjusted polling average,16:46:04  2 Nov 2020,40000
2020,President,polls-plus,11/2/2020,Trump,Biden,"",Alabama,2,0,0,,,Adjust for bounces & recent events,16:46:04  2 Nov 2020,40000
2020,President,polls-plus,11/2/2020,Trump,Biden,"",Alabama,1,57.47749,38.06076,,,Polling average,16:46:04  2 Nov 2020,40000
2020,President,polls-plus,11/2/2020,Trump,Biden,"",Alabama,10,.983325,.016675,,,Chance of winning,16:46:04  2 Nov 2020,40000
