cycle,branch,forecastdate,district,candidateA,candidateB,displaystep,description,margin,lite_weight,classic_weight,deluxe_weight,simulations,timestamp
2020,Senate,11/2/20,WY-S2,Merav Ben-David,Cynthia Lummis,4,Expert ratings adjusted for national environment,-36.61127,0,0,1.239421,40000,16:15:31  2 Nov 2020
2020,Senate,11/2/20,WY-S2,Merav Ben-David,Cynthia Lummis,3,Fundamentals (non-polling factors),-39.69925,0,1.284435,1.284435,40000,16:15:31  2 Nov 2020
2020,Senate,11/2/20,WY-S2,Merav Ben-David,Cynthia Lummis,2,CANTOR (analysis of comparable disticts),-25.12258,.8358126,.1545999,.1545999,40000,16:15:31  2 Nov 2020
2020,Senate,11/2/20,WY-S2,Merav Ben-David,Cynthia Lummis,1,Polls adjusted for house effects & other factors,-30.11469,1.045976,1.045976,1.045976,40000,16:15:31  2 Nov 2020
2020,Senate,11/2/20,WV-S2,Paula Jean Swearengin,Shelley Moore Capito,4,Expert ratings adjusted for national environment,-26.28594,0,0,1.121314,40000,16:15:31  2 Nov 2020
2020,Senate,11/2/20,WV-S2,Paula Jean Swearengin,Shelley Moore Capito,3,Fundamentals (non-polling factors),-25.62048,0,1.284435,1.284435,40000,16:15:31  2 Nov 2020
2020,Senate,11/2/20,WV-S2,Paula Jean Swearengin,Shelley Moore Capito,2,CANTOR (analysis of comparable disticts),-22.33666,.8358126,.1545999,.1545999,40000,16:15:31  2 Nov 2020
2020,Senate,11/2/20,WV-S2,Paula Jean Swearengin,Shelley Moore Capito,1,Polls adjusted for house effects & other factors,-19.802,.8091737,.8091737,.8091737,40000,16:15:31  2 Nov 2020
2020,Senate,11/2/20,VA-S2,Mark Warner,Daniel Gade,4,Expert ratings adjusted for national environment,20.51056,0,0,4.869525,40000,16:15:31  2 Nov 2020
2020,Senate,11/2/20,VA-S2,Mark Warner,Daniel Gade,3,Fundamentals (non-polling factors),22.24673,0,1.284435,1.284435,40000,16:15:31  2 Nov 2020
2020,Senate,11/2/20,VA-S2,Mark Warner,Daniel Gade,2,CANTOR (analysis of comparable disticts),18.37521,0,.1545999,.1545999,40000,16:15:31  2 Nov 2020
2020,Senate,11/2/20,VA-S2,Mark Warner,Daniel Gade,1,Polls adjusted for house effects & other factors,16.06068,8.324249,8.324249,8.324249,40000,16:15:31  2 Nov 2020
2020,Senate,11/2/20,TX-S2,M.J. Hegar,John Cornyn,4,Expert ratings adjusted for national environment,-10.30438,0,0,10.34086,40000,16:15:31  2 Nov 2020
2020,Senate,11/2/20,TX-S2,M.J. Hegar,John Cornyn,3,Fundamentals (non-polling factors),-8.118351,0,1.284435,1.284435,40000,16:15:31  2 Nov 2020
2020,Senate,11/2/20,TX-S2,M.J. Hegar,John Cornyn,2,CANTOR (analysis of comparable disticts),-9.082922,0,.1545999,.1545999,40000,16:15:31  2 Nov 2020
2020,Senate,11/2/20,TX-S2,M.J. Hegar,John Cornyn,1,Polls adjusted for house effects & other factors,-6.341297,19.29414,19.29414,19.29414,40000,16:15:31  2 Nov 2020
2020,Senate,11/2/20,TN-S2,Marquita Bradshaw,Bill Hagerty,4,Expert ratings adjusted for national environment,-25.15321,0,0,1.537748,40000,16:15:31  2 Nov 2020
2020,Senate,11/2/20,TN-S2,Marquita Bradshaw,Bill Hagerty,3,Fundamentals (non-polling factors),-23.90847,0,1.284435,1.284435,40000,16:15:31  2 Nov 2020
2020,Senate,11/2/20,TN-S2,Marquita Bradshaw,Bill Hagerty,2,CANTOR (analysis of comparable disticts),-11.85367,.3558857,.1545999,.1545999,40000,16:15:31  2 Nov 2020
2020,Senate,11/2/20,TN-S2,Marquita Bradshaw,Bill Hagerty,1,Polls adjusted for house effects & other factors,-20.43603,1.644114,1.644114,1.644114,40000,16:15:31  2 Nov 2020
2020,Senate,11/2/20,SD-S2,Dan Ahlers,Mike Rounds,4,Expert ratings adjusted for national environment,-28.95989,0,0,.7177314,40000,16:15:31  2 Nov 2020
2020,Senate,11/2/20,SD-S2,Dan Ahlers,Mike Rounds,3,Fundamentals (non-polling factors),-26.10711,0,1.284435,1.284435,40000,16:15:31  2 Nov 2020
2020,Senate,11/2/20,SD-S2,Dan Ahlers,Mike Rounds,2,CANTOR (analysis of comparable disticts),-31.40138,.8358126,.1545999,.1545999,40000,16:15:31  2 Nov 2020
2020,Senate,11/2/20,SD-S2,Dan Ahlers,Mike Rounds,1,Polls adjusted for house effects & other factors,,0,0,0,40000,16:15:31  2 Nov 2020
2020,Senate,11/2/20,SC-S2,Jaime Harrison,Lindsey Graham,4,Expert ratings adjusted for national environment,-5.498188,0,0,4.90204,40000,16:15:31  2 Nov 2020
2020,Senate,11/2/20,SC-S2,Jaime Harrison,Lindsey Graham,3,Fundamentals (non-polling factors),-7.417946,0,1.284435,1.284435,40000,16:15:31  2 Nov 2020
2020,Senate,11/2/20,SC-S2,Jaime Harrison,Lindsey Graham,2,CANTOR (analysis of comparable disticts),-8.628406,0,.1545999,.1545999,40000,16:15:31  2 Nov 2020
2020,Senate,11/2/20,SC-S2,Jaime Harrison,Lindsey Graham,1,Polls adjusted for house effects & other factors,-5.030476,8.389441,8.389441,8.389441,40000,16:15:31  2 Nov 2020
2020,Senate,11/2/20,RI-S2,Jack Reed,Allen Waters,4,Expert ratings adjusted for national environment,46.82568,0,0,.7177314,40000,16:15:31  2 Nov 2020
2020,Senate,11/2/20,RI-S2,Jack Reed,Allen Waters,3,Fundamentals (non-polling factors),48.77102,0,1.284435,1.284435,40000,16:15:31  2 Nov 2020
2020,Senate,11/2/20,RI-S2,Jack Reed,Allen Waters,2,CANTOR (analysis of comparable disticts),47.40775,.8358126,.1545999,.1545999,40000,16:15:31  2 Nov 2020
2020,Senate,11/2/20,RI-S2,Jack Reed,Allen Waters,1,Polls adjusted for house effects & other factors,,0,0,0,40000,16:15:31  2 Nov 2020
2020,Senate,11/2/20,OR-S2,Jeff Merkley,Jo Rae Perkins,4,Expert ratings adjusted for national environment,23.69982,0,0,1.305978,40000,16:15:31  2 Nov 2020
2020,Senate,11/2/20,OR-S2,Jeff Merkley,Jo Rae Perkins,3,Fundamentals (non-polling factors),30.64682,0,1.284435,1.284435,40000,16:15:31  2 Nov 2020
2020,Senate,11/2/20,OR-S2,Jeff Merkley,Jo Rae Perkins,2,CANTOR (analysis of comparable disticts),17.24687,.8205799,.1545999,.1545999,40000,16:15:31  2 Nov 2020
2020,Senate,11/2/20,OR-S2,Jeff Merkley,Jo Rae Perkins,1,Polls adjusted for house effects & other factors,19.14104,1.17942,1.17942,1.17942,40000,16:15:31  2 Nov 2020
2020,Senate,11/2/20,OK-S2,Abby Broyles,Jim Inhofe,4,Expert ratings adjusted for national environment,-24.90703,0,0,2.191319,40000,16:15:31  2 Nov 2020
2020,Senate,11/2/20,OK-S2,Abby Broyles,Jim Inhofe,3,Fundamentals (non-polling factors),-27.105,0,1.284435,1.284435,40000,16:15:31  2 Nov 2020
2020,Senate,11/2/20,OK-S2,Abby Broyles,Jim Inhofe,2,CANTOR (analysis of comparable disticts),-22.444,0,.1545999,.1545999,40000,16:15:31  2 Nov 2020
2020,Senate,11/2/20,OK-S2,Abby Broyles,Jim Inhofe,1,Polls adjusted for house effects & other factors,-18.20631,2.954509,2.954509,2.954509,40000,16:15:31  2 Nov 2020
2020,Senate,11/2/20,NM-S2,Ben Ray Luján,Mark Ronchetti,4,Expert ratings adjusted for national environment,18.51599,0,0,2.820439,40000,16:15:31  2 Nov 2020
2020,Senate,11/2/20,NM-S2,Ben Ray Luján,Mark Ronchetti,3,Fundamentals (non-polling factors),16.27826,0,1.284435,1.284435,40000,16:15:31  2 Nov 2020
2020,Senate,11/2/20,NM-S2,Ben Ray Luján,Mark Ronchetti,2,CANTOR (analysis of comparable disticts),15.2112,0,.1545999,.1545999,40000,16:15:31  2 Nov 2020
2020,Senate,11/2/20,NM-S2,Ben Ray Luján,Mark Ronchetti,1,Polls adjusted for house effects & other factors,8.014828,4.215879,4.215879,4.215879,40000,16:15:31  2 Nov 2020
2020,Senate,11/2/20,NJ-S2,Cory Booker,Rikin Mehta,4,Expert ratings adjusted for national environment,24.72491,0,0,2.615849,40000,16:15:31  2 Nov 2020
2020,Senate,11/2/20,NJ-S2,Cory Booker,Rikin Mehta,3,Fundamentals (non-polling factors),29.16432,0,1.284435,1.284435,40000,16:15:31  2 Nov 2020
2020,Senate,11/2/20,NJ-S2,Cory Booker,Rikin Mehta,2,CANTOR (analysis of comparable disticts),19.42148,0,.1545999,.1545999,40000,16:15:31  2 Nov 2020
2020,Senate,11/2/20,NJ-S2,Cory Booker,Rikin Mehta,1,Polls adjusted for house effects & other factors,25.10863,3.805681,3.805681,3.805681,40000,16:15:31  2 Nov 2020
2020,Senate,11/2/20,NH-S2,Jeanne Shaheen,Corky Messner,4,Expert ratings adjusted for national environment,17.09515,0,0,4.312877,40000,16:15:31  2 Nov 2020
2020,Senate,11/2/20,NH-S2,Jeanne Shaheen,Corky Messner,3,Fundamentals (non-polling factors),26.70566,0,1.284435,1.284435,40000,16:15:31  2 Nov 2020
2020,Senate,11/2/20,NH-S2,Jeanne Shaheen,Corky Messner,2,CANTOR (analysis of comparable disticts),11.05889,0,.1545999,.1545999,40000,16:15:31  2 Nov 2020
2020,Senate,11/2/20,NH-S2,Jeanne Shaheen,Corky Messner,1,Polls adjusted for house effects & other factors,15.39082,7.208182,7.208182,7.208182,40000,16:15:31  2 Nov 2020
2020,Senate,11/2/20,NE-S2,Chris Janicek,Ben Sasse,4,Expert ratings adjusted for national environment,-33.25787,0,0,1.540962,40000,16:15:31  2 Nov 2020
2020,Senate,11/2/20,NE-S2,Chris Janicek,Ben Sasse,3,Fundamentals (non-polling factors),-35.2264,0,1.284435,1.284435,40000,16:15:31  2 Nov 2020
2020,Senate,11/2/20,NE-S2,Chris Janicek,Ben Sasse,2,CANTOR (analysis of comparable disticts),-16.88787,.3494414,.1545999,.1545999,40000,16:15:31  2 Nov 2020
2020,Senate,11/2/20,NE-S2,Chris Janicek,Ben Sasse,1,Polls adjusted for house effects & other factors,-29.63418,1.650559,1.650559,1.650559,40000,16:15:31  2 Nov 2020
2020,Senate,11/2/20,NC-S2,Cal Cunningham,Thom Tillis,4,Expert ratings adjusted for national environment,-.3408456,0,0,18.89815,40000,16:15:31  2 Nov 2020
2020,Senate,11/2/20,NC-S2,Cal Cunningham,Thom Tillis,3,Fundamentals (non-polling factors),-.5939965,0,1.284435,1.284435,40000,16:15:31  2 Nov 2020
2020,Senate,11/2/20,NC-S2,Cal Cunningham,Thom Tillis,2,CANTOR (analysis of comparable disticts),.3447217,0,.1545999,.1545999,40000,16:15:31  2 Nov 2020
2020,Senate,11/2/20,NC-S2,Cal Cunningham,Thom Tillis,1,Polls adjusted for house effects & other factors,3.856167,36.4513,36.4513,36.4513,40000,16:15:31  2 Nov 2020
2020,Senate,11/2/20,MT-S2,Steve Bullock,Steve Daines,4,Expert ratings adjusted for national environment,-4.038993,0,0,4.790439,40000,16:15:31  2 Nov 2020
2020,Senate,11/2/20,MT-S2,Steve Bullock,Steve Daines,3,Fundamentals (non-polling factors),-2.392745,0,1.284435,1.284435,40000,16:15:31  2 Nov 2020
2020,Senate,11/2/20,MT-S2,Steve Bullock,Steve Daines,2,CANTOR (analysis of comparable disticts),-11.87737,0,.1545999,.1545999,40000,16:15:31  2 Nov 2020
2020,Senate,11/2/20,MT-S2,Steve Bullock,Steve Daines,1,Polls adjusted for house effects & other factors,-2.489517,8.165682,8.165682,8.165682,40000,16:15:31  2 Nov 2020
2020,Senate,11/2/20,MS-S2,Mike Espy,Cindy Hyde-Smith,4,Expert ratings adjusted for national environment,-17.70446,0,0,1.469814,40000,16:15:31  2 Nov 2020
2020,Senate,11/2/20,MS-S2,Mike Espy,Cindy Hyde-Smith,3,Fundamentals (non-polling factors),-1.257076,0,1.284435,1.284435,40000,16:15:31  2 Nov 2020
2020,Senate,11/2/20,MS-S2,Mike Espy,Cindy Hyde-Smith,2,CANTOR (analysis of comparable disticts),-7.032558,.4920924,.1545999,.1545999,40000,16:15:31  2 Nov 2020
2020,Senate,11/2/20,MS-S2,Mike Espy,Cindy Hyde-Smith,1,Polls adjusted for house effects & other factors,-8.213146,1.507908,1.507908,1.507908,40000,16:15:31  2 Nov 2020
2020,Senate,11/2/20,MN-S2,Tina Smith,Jason Lewis,4,Expert ratings adjusted for national environment,18.58068,0,0,5.519212,40000,16:15:31  2 Nov 2020
2020,Senate,11/2/20,MN-S2,Tina Smith,Jason Lewis,3,Fundamentals (non-polling factors),17.44237,0,1.284435,1.284435,40000,16:15:31  2 Nov 2020
2020,Senate,11/2/20,MN-S2,Tina Smith,Jason Lewis,2,CANTOR (analysis of comparable disticts),12.15546,0,.1545999,.1545999,40000,16:15:31  2 Nov 2020
2020,Senate,11/2/20,MN-S2,Tina Smith,Jason Lewis,1,Polls adjusted for house effects & other factors,8.166718,9.626856,9.626856,9.626856,40000,16:15:31  2 Nov 2020
2020,Senate,11/2/20,MI-S2,Gary Peters,John James,4,Expert ratings adjusted for national environment,4.916813,0,0,18.53822,40000,16:15:31  2 Nov 2020
2020,Senate,11/2/20,MI-S2,Gary Peters,John James,3,Fundamentals (non-polling factors),21.04565,0,1.284435,1.284435,40000,16:15:31  2 Nov 2020
2020,Senate,11/2/20,MI-S2,Gary Peters,John James,2,CANTOR (analysis of comparable disticts),17.15918,0,.1545999,.1545999,40000,16:15:31  2 Nov 2020
2020,Senate,11/2/20,MI-S2,Gary Peters,John James,1,Polls adjusted for house effects & other factors,7.666607,35.72965,35.72965,35.72965,40000,16:15:31  2 Nov 2020
2020,Senate,11/2/20,ME-S2,Sara Gideon,Susan Collins,4,Expert ratings adjusted for national environment,1.898106,0,0,4.107849,40000,16:15:31  2 Nov 2020
2020,Senate,11/2/20,ME-S2,Sara Gideon,Susan Collins,3,Fundamentals (non-polling factors),-11.47947,0,1.284435,1.284435,40000,16:15:31  2 Nov 2020
2020,Senate,11/2/20,ME-S2,Sara Gideon,Susan Collins,2,CANTOR (analysis of comparable disticts),4.492397,0,.1545999,.1545999,40000,16:15:31  2 Nov 2020
2020,Senate,11/2/20,ME-S2,Sara Gideon,Susan Collins,1,Polls adjusted for house effects & other factors,3.485832,6.797105,6.797105,6.797105,40000,16:15:31  2 Nov 2020
2020,Senate,11/2/20,MA-S2,Ed Markey,Kevin O'Connor,4,Expert ratings adjusted for national environment,34.25656,0,0,1.700137,40000,16:15:31  2 Nov 2020
2020,Senate,11/2/20,MA-S2,Ed Markey,Kevin O'Connor,3,Fundamentals (non-polling factors),38.25816,0,1.284435,1.284435,40000,16:15:31  2 Nov 2020
2020,Senate,11/2/20,MA-S2,Ed Markey,Kevin O'Connor,2,CANTOR (analysis of comparable disticts),29.09739,.0303005,.1545999,.1545999,40000,16:15:31  2 Nov 2020
2020,Senate,11/2/20,MA-S2,Ed Markey,Kevin O'Connor,1,Polls adjusted for house effects & other factors,35.10223,1.9697,1.9697,1.9697,40000,16:15:31  2 Nov 2020
2020,Senate,11/2/20,LA-S2,All Democrats,All Republicans,4,Expert ratings adjusted for national environment,-26.29452,0,0,.7177314,40000,16:15:31  2 Nov 2020
2020,Senate,11/2/20,LA-S2,All Democrats,All Republicans,3,Fundamentals (non-polling factors),-8.690391,0,1.284435,1.284435,40000,16:15:31  2 Nov 2020
2020,Senate,11/2/20,LA-S2,All Democrats,All Republicans,2,CANTOR (analysis of comparable disticts),-17.97581,.8358126,.1545999,.1545999,40000,16:15:31  2 Nov 2020
2020,Senate,11/2/20,LA-S2,All Democrats,All Republicans,1,Polls adjusted for house effects & other factors,,0,0,0,40000,16:15:31  2 Nov 2020
2020,Senate,11/2/20,KY-S2,Amy McGrath,Mitch McConnell,4,Expert ratings adjusted for national environment,-17.90899,0,0,3.335461,40000,16:15:31  2 Nov 2020
2020,Senate,11/2/20,KY-S2,Amy McGrath,Mitch McConnell,3,Fundamentals (non-polling factors),-9.697449,0,1.284435,1.284435,40000,16:15:31  2 Nov 2020
2020,Senate,11/2/20,KY-S2,Amy McGrath,Mitch McConnell,2,CANTOR (analysis of comparable disticts),-15.01607,0,.1545999,.1545999,40000,16:15:31  2 Nov 2020
2020,Senate,11/2/20,KY-S2,Amy McGrath,Mitch McConnell,1,Polls adjusted for house effects & other factors,-11.43121,5.248487,5.248487,5.248487,40000,16:15:31  2 Nov 2020
2020,Senate,11/2/20,KS-S2,Barbara Bollier,Roger Marshall,4,Expert ratings adjusted for national environment,-7.737139,0,0,4.083425,40000,16:15:31  2 Nov 2020
2020,Senate,11/2/20,KS-S2,Barbara Bollier,Roger Marshall,3,Fundamentals (non-polling factors),-6.323062,0,1.284435,1.284435,40000,16:15:31  2 Nov 2020
2020,Senate,11/2/20,KS-S2,Barbara Bollier,Roger Marshall,2,CANTOR (analysis of comparable disticts),-8.135844,0,.1545999,.1545999,40000,16:15:31  2 Nov 2020
2020,Senate,11/2/20,KS-S2,Barbara Bollier,Roger Marshall,1,Polls adjusted for house effects & other factors,-3.836075,6.748136,6.748136,6.748136,40000,16:15:31  2 Nov 2020
2020,Senate,11/2/20,IL-S2,Richard J. Durbin,Mark C. Curran Jr.,4,Expert ratings adjusted for national environment,23.35687,0,0,1.437238,40000,16:15:31  2 Nov 2020
2020,Senate,11/2/20,IL-S2,Richard J. Durbin,Mark C. Curran Jr.,3,Fundamentals (non-polling factors),27.24322,0,1.284435,1.284435,40000,16:15:31  2 Nov 2020
2020,Senate,11/2/20,IL-S2,Richard J. Durbin,Mark C. Curran Jr.,2,CANTOR (analysis of comparable disticts),20.96523,.5574059,.1545999,.1545999,40000,16:15:31  2 Nov 2020
2020,Senate,11/2/20,IL-S2,Richard J. Durbin,Mark C. Curran Jr.,1,Polls adjusted for house effects & other factors,21.89048,1.442594,1.442594,1.442594,40000,16:15:31  2 Nov 2020
2020,Senate,11/2/20,ID-S2,Paulette Jordan,Jim Risch,4,Expert ratings adjusted for national environment,-25.95748,0,0,1.161281,40000,16:15:31  2 Nov 2020
2020,Senate,11/2/20,ID-S2,Paulette Jordan,Jim Risch,3,Fundamentals (non-polling factors),-21.35313,0,1.284435,1.284435,40000,16:15:31  2 Nov 2020
2020,Senate,11/2/20,ID-S2,Paulette Jordan,Jim Risch,2,CANTOR (analysis of comparable disticts),-22.85219,.8358126,.1545999,.1545999,40000,16:15:31  2 Nov 2020
2020,Senate,11/2/20,ID-S2,Paulette Jordan,Jim Risch,1,Polls adjusted for house effects & other factors,-24.91285,.8893057,.8893057,.8893057,40000,16:15:31  2 Nov 2020
2020,Senate,11/2/20,IA-S2,Theresa Greenfield,Joni Ernst,4,Expert ratings adjusted for national environment,.4389102,0,0,8.718569,40000,16:15:31  2 Nov 2020
2020,Senate,11/2/20,IA-S2,Theresa Greenfield,Joni Ernst,3,Fundamentals (non-polling factors),.1672871,0,1.284435,1.284435,40000,16:15:31  2 Nov 2020
2020,Senate,11/2/20,IA-S2,Theresa Greenfield,Joni Ernst,2,CANTOR (analysis of comparable disticts),-6.0823,0,.1545999,.1545999,40000,16:15:31  2 Nov 2020
2020,Senate,11/2/20,IA-S2,Theresa Greenfield,Joni Ernst,1,Polls adjusted for house effects & other factors,-.2919807,16.04149,16.04149,16.04149,40000,16:15:31  2 Nov 2020
2020,Senate,11/2/20,GA-S3,All Democrats,All Republicans,4,Expert ratings adjusted for national environment,-3.259237,0,0,9.008002,40000,16:15:31  2 Nov 2020
2020,Senate,11/2/20,GA-S3,All Democrats,All Republicans,3,Fundamentals (non-polling factors),3.134685,0,1.284435,1.284435,40000,16:15:31  2 Nov 2020
2020,Senate,11/2/20,GA-S3,All Democrats,All Republicans,2,CANTOR (analysis of comparable disticts),-.0212251,0,.1545999,.1545999,40000,16:15:31  2 Nov 2020
2020,Senate,11/2/20,GA-S3,All Democrats,All Republicans,1,Polls adjusted for house effects & other factors,-2.312012,16.6218,16.6218,16.6218,40000,16:15:31  2 Nov 2020
2020,Senate,11/2/20,GA-S2,Jon Ossoff,David Perdue,4,Expert ratings adjusted for national environment,-1.800041,0,0,10.53334,40000,16:15:31  2 Nov 2020
2020,Senate,11/2/20,GA-S2,Jon Ossoff,David Perdue,3,Fundamentals (non-polling factors),-.1529041,0,1.284435,1.284435,40000,16:15:31  2 Nov 2020
2020,Senate,11/2/20,GA-S2,Jon Ossoff,David Perdue,2,CANTOR (analysis of comparable disticts),-6.632596,0,.1545999,.1545999,40000,16:15:31  2 Nov 2020
2020,Senate,11/2/20,GA-S2,Jon Ossoff,David Perdue,1,Polls adjusted for house effects & other factors,.3085861,19.68006,19.68006,19.68006,40000,16:15:31  2 Nov 2020
2020,Senate,11/2/20,DE-S2,Christopher A. Coons,Lauren Witzke,4,Expert ratings adjusted for national environment,29.75317,0,0,1.375906,40000,16:15:31  2 Nov 2020
2020,Senate,11/2/20,DE-S2,Christopher A. Coons,Lauren Witzke,3,Fundamentals (non-polling factors),33.75746,0,1.284435,1.284435,40000,16:15:31  2 Nov 2020
2020,Senate,11/2/20,DE-S2,Christopher A. Coons,Lauren Witzke,2,CANTOR (analysis of comparable disticts),21.43753,.6803744,.1545999,.1545999,40000,16:15:31  2 Nov 2020
2020,Senate,11/2/20,DE-S2,Christopher A. Coons,Lauren Witzke,1,Polls adjusted for house effects & other factors,30.31493,1.319626,1.319626,1.319626,40000,16:15:31  2 Nov 2020
2020,Senate,11/2/20,CO-S2,John W. Hickenlooper,Cory Gardner,4,Expert ratings adjusted for national environment,6.704299,0,0,4.102762,40000,16:15:31  2 Nov 2020
2020,Senate,11/2/20,CO-S2,John W. Hickenlooper,Cory Gardner,3,Fundamentals (non-polling factors),3.013614,0,1.284435,1.284435,40000,16:15:31  2 Nov 2020
2020,Senate,11/2/20,CO-S2,John W. Hickenlooper,Cory Gardner,2,CANTOR (analysis of comparable disticts),2.35873,0,.1545999,.1545999,40000,16:15:31  2 Nov 2020
2020,Senate,11/2/20,CO-S2,John W. Hickenlooper,Cory Gardner,1,Polls adjusted for house effects & other factors,8.7743,6.786906,6.786906,6.786906,40000,16:15:31  2 Nov 2020
2020,Senate,11/2/20,AZ-S3,Mark Kelly,Martha McSally,4,Expert ratings adjusted for national environment,4.137057,0,0,15.47902,40000,16:15:31  2 Nov 2020
2020,Senate,11/2/20,AZ-S3,Mark Kelly,Martha McSally,3,Fundamentals (non-polling factors),1.108086,0,1.284435,1.284435,40000,16:15:31  2 Nov 2020
2020,Senate,11/2/20,AZ-S3,Mark Kelly,Martha McSally,2,CANTOR (analysis of comparable disticts),2.717216,0,.1545999,.1545999,40000,16:15:31  2 Nov 2020
2020,Senate,11/2/20,AZ-S3,Mark Kelly,Martha McSally,1,Polls adjusted for house effects & other factors,6.001705,29.59604,29.59604,29.59604,40000,16:15:31  2 Nov 2020
2020,Senate,11/2/20,AR-S2,Ricky Dale Harrington Jr.,Tom Cotton,4,Expert ratings adjusted for national environment,-65.87306,0,0,2.391442,40000,16:15:31  2 Nov 2020
2020,Senate,11/2/20,AR-S2,Ricky Dale Harrington Jr.,Tom Cotton,3,Fundamentals (non-polling factors),-63.49459,0,1.439034,1.439034,40000,16:15:31  2 Nov 2020
2020,Senate,11/2/20,AR-S2,Ricky Dale Harrington Jr.,Tom Cotton,2,CANTOR (analysis of comparable disticts),,0,0,0,40000,16:15:31  2 Nov 2020
2020,Senate,11/2/20,AR-S2,Ricky Dale Harrington Jr.,Tom Cotton,1,Polls adjusted for house effects & other factors,-38.55668,3.355751,3.355751,3.355751,40000,16:15:31  2 Nov 2020
2020,Senate,11/2/20,AL-S2,Doug Jones,Tommy Tuberville,4,Expert ratings adjusted for national environment,-10.30438,0,0,4.25014,40000,16:15:31  2 Nov 2020
2020,Senate,11/2/20,AL-S2,Doug Jones,Tommy Tuberville,3,Fundamentals (non-polling factors),10.87075,0,1.284435,1.284435,40000,16:15:31  2 Nov 2020
2020,Senate,11/2/20,AL-S2,Doug Jones,Tommy Tuberville,2,CANTOR (analysis of comparable disticts),-7.464462,0,.1545999,.1545999,40000,16:15:31  2 Nov 2020
2020,Senate,11/2/20,AL-S2,Doug Jones,Tommy Tuberville,1,Polls adjusted for house effects & other factors,-11.08419,7.082396,7.082396,7.082396,40000,16:15:31  2 Nov 2020
2020,Senate,11/2/20,AK-S2,Al Gross,Dan Sullivan,4,Expert ratings adjusted for national environment,-8.516895,0,0,3.441612,40000,16:15:31  2 Nov 2020
2020,Senate,11/2/20,AK-S2,Al Gross,Dan Sullivan,3,Fundamentals (non-polling factors),-2.959939,0,1.284435,1.284435,40000,16:15:31  2 Nov 2020
2020,Senate,11/2/20,AK-S2,Al Gross,Dan Sullivan,2,CANTOR (analysis of comparable disticts),-9.076427,0,.1545999,.1545999,40000,16:15:31  2 Nov 2020
2020,Senate,11/2/20,AK-S2,Al Gross,Dan Sullivan,1,Polls adjusted for house effects & other factors,-4.632805,5.461317,5.461317,5.461317,40000,16:15:31  2 Nov 2020
